2025-08-19 09:50:06,281 INFO o.a.j.u.JMeterUtils: Setting Locale to en_EN
2025-08-19 09:50:06,312 INFO o.a.j.JMeter: Loading user properties from: user.properties
2025-08-19 09:50:06,312 INFO o.a.j.JMeter: Loading system properties from: system.properties
2025-08-19 09:50:06,317 INFO o.a.j.JMeter: Copyright (c) 1998-2024 The Apache Software Foundation
2025-08-19 09:50:06,317 INFO o.a.j.JMeter: Version 5.6.3
2025-08-19 09:50:06,317 INFO o.a.j.JMeter: java.version=17.0.16
2025-08-19 09:50:06,317 INFO o.a.j.JMeter: java.vm.name=Java HotSpot(TM) 64-Bit Server VM
2025-08-19 09:50:06,317 INFO o.a.j.JMeter: os.name=Windows 11
2025-08-19 09:50:06,317 INFO o.a.j.JMeter: os.arch=amd64
2025-08-19 09:50:06,317 INFO o.a.j.JMeter: os.version=10.0
2025-08-19 09:50:06,317 INFO o.a.j.JMeter: file.encoding=GBK
2025-08-19 09:50:06,317 INFO o.a.j.JMeter: java.awt.headless=null
2025-08-19 09:50:06,317 INFO o.a.j.JMeter: Max memory     =1073741824
2025-08-19 09:50:06,317 INFO o.a.j.JMeter: Available Processors =32
2025-08-19 09:50:06,324 INFO o.a.j.JMeter: Default Locale=English (EN)
2025-08-19 09:50:06,325 INFO o.a.j.JMeter: JMeter  Locale=English (EN)
2025-08-19 09:50:06,325 INFO o.a.j.JMeter: JMeterHome=E:\project\HMDP\apache-jmeter-5.6.3
2025-08-19 09:50:06,325 INFO o.a.j.JMeter: user.dir  =E:\project\HMDP\apache-jmeter-5.6.3\bin
2025-08-19 09:50:06,325 INFO o.a.j.JMeter: PWD       =E:\project\HMDP\apache-jmeter-5.6.3\bin
2025-08-19 09:50:06,325 INFO o.a.j.JMeter: IP: 198.18.0.1 Name: LAPTOP-KGREVBUN FullName: LAPTOP-KGREVBUN
2025-08-19 09:50:06,336 INFO o.a.j.JMeter: Loaded icon properties from org/apache/jmeter/images/icon.properties
2025-08-19 09:50:06,557 INFO o.a.j.JMeterGuiLauncher: Setting LAF to: com.github.weisj.darklaf.DarkLaf:com.github.weisj.darklaf.theme.DarculaTheme
2025-08-19 09:50:10,968 INFO o.a.j.s.FileServer: Default base='E:\project\HMDP\apache-jmeter-5.6.3\bin'
2025-08-19 09:50:10,970 INFO o.a.j.g.a.Load: Loading file: E:\Users\Cody\Downloads\新建文件夹 (141)\apache-jmeter-5.6.3\apache-jmeter-5.6.3\bin\MyProjects\HMDP\QueryShop.jmx
2025-08-19 09:50:10,971 INFO o.a.j.s.FileServer: Set new base='E:\Users\Cody\Downloads\新建文件夹 (141)\apache-jmeter-5.6.3\apache-jmeter-5.6.3\bin\MyProjects\HMDP'
2025-08-19 09:50:11,106 INFO o.a.j.s.SaveService: Testplan (JMX) version: 2.2. Testlog (JTL) version: 2.2
2025-08-19 09:50:11,125 INFO o.a.j.s.SaveService: Using SaveService properties version 5.0
2025-08-19 09:50:11,126 INFO o.a.j.s.SaveService: Using SaveService properties file encoding UTF-8
2025-08-19 09:50:11,126 INFO o.a.j.s.SaveService: Loading file: E:\Users\Cody\Downloads\新建文件夹 (141)\apache-jmeter-5.6.3\apache-jmeter-5.6.3\bin\MyProjects\HMDP\QueryShop.jmx
2025-08-19 09:50:11,150 INFO o.a.j.p.h.s.HTTPSamplerBase: Parser for text/html is org.apache.jmeter.protocol.http.parser.LagartoBasedHtmlParser
2025-08-19 09:50:11,150 INFO o.a.j.p.h.s.HTTPSamplerBase: Parser for application/xhtml+xml is org.apache.jmeter.protocol.http.parser.LagartoBasedHtmlParser
2025-08-19 09:50:11,150 INFO o.a.j.p.h.s.HTTPSamplerBase: Parser for application/xml is org.apache.jmeter.protocol.http.parser.LagartoBasedHtmlParser
2025-08-19 09:50:11,150 INFO o.a.j.p.h.s.HTTPSamplerBase: Parser for text/xml is org.apache.jmeter.protocol.http.parser.LagartoBasedHtmlParser
2025-08-19 09:50:11,151 INFO o.a.j.p.h.s.HTTPSamplerBase: Parser for text/vnd.wap.wml is org.apache.jmeter.protocol.http.parser.RegexpHTMLParser
2025-08-19 09:50:11,151 INFO o.a.j.p.h.s.HTTPSamplerBase: Parser for text/css is org.apache.jmeter.protocol.http.parser.CssParser
2025-08-19 09:50:11,281 INFO o.a.j.s.SampleResult: Note: Sample TimeStamps are START times
2025-08-19 09:50:11,281 INFO o.a.j.s.SampleResult: sampleresult.default.encoding is set to UTF-8
2025-08-19 09:50:11,282 INFO o.a.j.s.SampleResult: sampleresult.useNanoTime=true
2025-08-19 09:50:11,282 INFO o.a.j.s.SampleResult: sampleresult.nanoThreadSleep=5000
2025-08-19 09:50:11,422 INFO o.a.j.s.FileServer: Set new base='E:\Users\Cody\Downloads\新建文件夹 (141)\apache-jmeter-5.6.3\apache-jmeter-5.6.3\bin\MyProjects\HMDP'
2025-08-19 09:53:51,514 INFO o.a.j.e.StandardJMeterEngine: Running the test!
2025-08-19 09:53:51,515 INFO o.a.j.s.SampleEvent: List of sample_variables: []
2025-08-19 09:53:51,515 INFO o.a.j.s.SampleEvent: List of sample_variables: []
2025-08-19 09:53:51,515 INFO o.a.j.e.u.CompoundVariable: Note: Function class names must contain the string: '.functions.'
2025-08-19 09:53:51,515 INFO o.a.j.e.u.CompoundVariable: Note: Function class names must not contain the string: '.gui.'
2025-08-19 09:53:51,552 INFO o.a.j.g.u.JMeterMenuBar: setRunning(true, *local*)
2025-08-19 09:53:51,571 INFO o.a.j.e.StandardJMeterEngine: Starting ThreadGroup: 1 : Thread Group
2025-08-19 09:53:51,571 INFO o.a.j.e.StandardJMeterEngine: Starting 200 threads for group Thread Group.
2025-08-19 09:53:51,571 INFO o.a.j.e.StandardJMeterEngine: Thread will continue on error
2025-08-19 09:53:51,571 INFO o.a.j.t.ThreadGroup: Starting thread group... number=1 threads=200 ramp-up=1 delayedStart=false
2025-08-19 09:53:51,573 INFO o.a.j.t.JMeterThread: Thread started: Thread Group 1-1
2025-08-19 09:53:51,578 INFO o.a.j.t.JMeterThread: Thread started: Thread Group 1-2
2025-08-19 09:53:51,581 INFO o.a.j.p.h.s.HTTPHCAbstractImpl: Local host = LAPTOP-KGREVBUN
2025-08-19 09:53:51,583 INFO o.a.j.t.JMeterThread: Thread started: Thread Group 1-3
2025-08-19 09:53:51,587 INFO o.a.j.t.JMeterThread: Thread started: Thread Group 1-4
2025-08-19 09:53:51,588 INFO o.a.j.p.h.s.HTTPHC4Impl: HTTP request retry count = 0
2025-08-19 09:53:51,593 INFO o.a.j.t.JMeterThread: Thread started: Thread Group 1-5
2025-08-19 09:53:51,594 INFO o.a.j.t.ThreadGroup: Started thread group number 1
2025-08-19 09:53:51,594 INFO o.a.j.e.StandardJMeterEngine: All thread groups have been started
2025-08-19 09:53:51,599 INFO o.a.j.t.JMeterThread: Thread started: Thread Group 1-6
2025-08-19 09:53:51,603 INFO o.a.j.t.JMeterThread: Thread started: Thread Group 1-7
2025-08-19 09:53:51,607 INFO o.a.j.t.JMeterThread: Thread started: Thread Group 1-8
2025-08-19 09:53:51,612 INFO o.a.j.t.JMeterThread: Thread started: Thread Group 1-9
2025-08-19 09:53:51,618 INFO o.a.j.t.JMeterThread: Thread started: Thread Group 1-10
2025-08-19 09:53:51,624 INFO o.a.j.t.JMeterThread: Thread started: Thread Group 1-11
2025-08-19 09:53:51,628 INFO o.a.j.t.JMeterThread: Thread started: Thread Group 1-12
2025-08-19 09:53:51,632 INFO o.a.j.t.JMeterThread: Thread started: Thread Group 1-13
2025-08-19 09:53:51,637 INFO o.a.j.t.JMeterThread: Thread started: Thread Group 1-14
2025-08-19 09:53:51,642 INFO o.a.j.t.JMeterThread: Thread started: Thread Group 1-15
2025-08-19 09:53:51,648 INFO o.a.j.t.JMeterThread: Thread started: Thread Group 1-16
2025-08-19 09:53:51,653 INFO o.a.j.t.JMeterThread: Thread started: Thread Group 1-17
2025-08-19 09:53:51,657 INFO o.a.j.t.JMeterThread: Thread started: Thread Group 1-18
2025-08-19 09:53:51,663 INFO o.a.j.t.JMeterThread: Thread started: Thread Group 1-19
2025-08-19 09:53:51,667 INFO o.a.j.t.JMeterThread: Thread started: Thread Group 1-20
2025-08-19 09:53:51,672 INFO o.a.j.t.JMeterThread: Thread started: Thread Group 1-21
2025-08-19 09:53:51,677 INFO o.a.j.t.JMeterThread: Thread started: Thread Group 1-22
2025-08-19 09:53:51,683 INFO o.a.j.t.JMeterThread: Thread started: Thread Group 1-23
2025-08-19 09:53:51,688 INFO o.a.j.t.JMeterThread: Thread started: Thread Group 1-24
2025-08-19 09:53:51,692 INFO o.a.j.t.JMeterThread: Thread started: Thread Group 1-25
2025-08-19 09:53:51,698 INFO o.a.j.t.JMeterThread: Thread started: Thread Group 1-26
2025-08-19 09:53:51,702 INFO o.a.j.t.JMeterThread: Thread started: Thread Group 1-27
2025-08-19 09:53:51,708 INFO o.a.j.t.JMeterThread: Thread started: Thread Group 1-28
2025-08-19 09:53:51,712 INFO o.a.j.t.JMeterThread: Thread started: Thread Group 1-29
2025-08-19 09:53:51,718 INFO o.a.j.t.JMeterThread: Thread started: Thread Group 1-30
2025-08-19 09:53:51,722 INFO o.a.j.t.JMeterThread: Thread started: Thread Group 1-31
2025-08-19 09:53:51,727 INFO o.a.j.t.JMeterThread: Thread started: Thread Group 1-32
2025-08-19 09:53:51,733 INFO o.a.j.t.JMeterThread: Thread started: Thread Group 1-33
2025-08-19 09:53:51,737 INFO o.a.j.t.JMeterThread: Thread started: Thread Group 1-34
2025-08-19 09:53:51,743 INFO o.a.j.t.JMeterThread: Thread started: Thread Group 1-35
2025-08-19 09:53:51,748 INFO o.a.j.t.JMeterThread: Thread started: Thread Group 1-36
2025-08-19 09:53:51,752 INFO o.a.j.t.JMeterThread: Thread started: Thread Group 1-37
2025-08-19 09:53:51,757 INFO o.a.j.t.JMeterThread: Thread started: Thread Group 1-38
2025-08-19 09:53:51,763 INFO o.a.j.t.JMeterThread: Thread started: Thread Group 1-39
2025-08-19 09:53:51,767 INFO o.a.j.t.JMeterThread: Thread started: Thread Group 1-40
2025-08-19 09:53:51,772 INFO o.a.j.t.JMeterThread: Thread started: Thread Group 1-41
2025-08-19 09:53:51,777 INFO o.a.j.t.JMeterThread: Thread started: Thread Group 1-42
2025-08-19 09:53:51,782 INFO o.a.j.t.JMeterThread: Thread started: Thread Group 1-43
2025-08-19 09:53:51,787 INFO o.a.j.t.JMeterThread: Thread started: Thread Group 1-44
2025-08-19 09:53:51,792 INFO o.a.j.t.JMeterThread: Thread started: Thread Group 1-45
2025-08-19 09:53:51,798 INFO o.a.j.t.JMeterThread: Thread started: Thread Group 1-46
2025-08-19 09:53:51,801 INFO o.a.j.t.JMeterThread: Thread started: Thread Group 1-47
2025-08-19 09:53:51,803 INFO o.a.j.t.JMeterThread: Thread is done: Thread Group 1-27
2025-08-19 09:53:51,803 INFO o.a.j.t.JMeterThread: Thread is done: Thread Group 1-45
2025-08-19 09:53:51,803 INFO o.a.j.t.JMeterThread: Thread is done: Thread Group 1-30
2025-08-19 09:53:51,803 INFO o.a.j.t.JMeterThread: Thread is done: Thread Group 1-39
2025-08-19 09:53:51,803 INFO o.a.j.t.JMeterThread: Thread finished: Thread Group 1-27
2025-08-19 09:53:51,803 INFO o.a.j.t.JMeterThread: Thread is done: Thread Group 1-5
2025-08-19 09:53:51,803 INFO o.a.j.t.JMeterThread: Thread finished: Thread Group 1-30
2025-08-19 09:53:51,803 INFO o.a.j.t.JMeterThread: Thread is done: Thread Group 1-7
2025-08-19 09:53:51,803 INFO o.a.j.t.JMeterThread: Thread is done: Thread Group 1-46
2025-08-19 09:53:51,803 INFO o.a.j.t.JMeterThread: Thread is done: Thread Group 1-19
2025-08-19 09:53:51,803 INFO o.a.j.t.JMeterThread: Thread is done: Thread Group 1-8
2025-08-19 09:53:51,803 INFO o.a.j.t.JMeterThread: Thread finished: Thread Group 1-45
2025-08-19 09:53:51,803 INFO o.a.j.t.JMeterThread: Thread is done: Thread Group 1-29
2025-08-19 09:53:51,803 INFO o.a.j.t.JMeterThread: Thread finished: Thread Group 1-7
2025-08-19 09:53:51,803 INFO o.a.j.t.JMeterThread: Thread finished: Thread Group 1-39
2025-08-19 09:53:51,803 INFO o.a.j.t.JMeterThread: Thread is done: Thread Group 1-26
2025-08-19 09:53:51,803 INFO o.a.j.t.JMeterThread: Thread is done: Thread Group 1-24
2025-08-19 09:53:51,803 INFO o.a.j.t.JMeterThread: Thread is done: Thread Group 1-18
2025-08-19 09:53:51,803 INFO o.a.j.t.JMeterThread: Thread is done: Thread Group 1-42
2025-08-19 09:53:51,803 INFO o.a.j.t.JMeterThread: Thread finished: Thread Group 1-26
2025-08-19 09:53:51,803 INFO o.a.j.t.JMeterThread: Thread is done: Thread Group 1-16
2025-08-19 09:53:51,803 INFO o.a.j.t.JMeterThread: Thread is done: Thread Group 1-31
2025-08-19 09:53:51,803 INFO o.a.j.t.JMeterThread: Thread is done: Thread Group 1-13
2025-08-19 09:53:51,803 INFO o.a.j.t.JMeterThread: Thread finished: Thread Group 1-16
2025-08-19 09:53:51,803 INFO o.a.j.t.JMeterThread: Thread finished: Thread Group 1-42
2025-08-19 09:53:51,803 INFO o.a.j.t.JMeterThread: Thread is done: Thread Group 1-40
2025-08-19 09:53:51,803 INFO o.a.j.t.JMeterThread: Thread finished: Thread Group 1-24
2025-08-19 09:53:51,803 INFO o.a.j.t.JMeterThread: Thread is done: Thread Group 1-37
2025-08-19 09:53:51,803 INFO o.a.j.t.JMeterThread: Thread is done: Thread Group 1-12
2025-08-19 09:53:51,803 INFO o.a.j.t.JMeterThread: Thread is done: Thread Group 1-17
2025-08-19 09:53:51,803 INFO o.a.j.t.JMeterThread: Thread finished: Thread Group 1-37
2025-08-19 09:53:51,803 INFO o.a.j.t.JMeterThread: Thread finished: Thread Group 1-5
2025-08-19 09:53:51,803 INFO o.a.j.t.JMeterThread: Thread is done: Thread Group 1-14
2025-08-19 09:53:51,803 INFO o.a.j.t.JMeterThread: Thread is done: Thread Group 1-44
2025-08-19 09:53:51,803 INFO o.a.j.t.JMeterThread: Thread is done: Thread Group 1-36
2025-08-19 09:53:51,804 INFO o.a.j.t.JMeterThread: Thread finished: Thread Group 1-44
2025-08-19 09:53:51,803 INFO o.a.j.t.JMeterThread: Thread is done: Thread Group 1-3
2025-08-19 09:53:51,803 INFO o.a.j.t.JMeterThread: Thread finished: Thread Group 1-46
2025-08-19 09:53:51,804 INFO o.a.j.t.JMeterThread: Thread finished: Thread Group 1-36
2025-08-19 09:53:51,803 INFO o.a.j.t.JMeterThread: Thread finished: Thread Group 1-29
2025-08-19 09:53:51,804 INFO o.a.j.t.JMeterThread: Thread is done: Thread Group 1-23
2025-08-19 09:53:51,803 INFO o.a.j.t.JMeterThread: Thread finished: Thread Group 1-19
2025-08-19 09:53:51,804 INFO o.a.j.t.JMeterThread: Thread is done: Thread Group 1-41
2025-08-19 09:53:51,803 INFO o.a.j.t.JMeterThread: Thread is done: Thread Group 1-22
2025-08-19 09:53:51,804 INFO o.a.j.t.JMeterThread: Thread is done: Thread Group 1-32
2025-08-19 09:53:51,803 INFO o.a.j.t.JMeterThread: Thread is done: Thread Group 1-15
2025-08-19 09:53:51,804 INFO o.a.j.t.JMeterThread: Thread finished: Thread Group 1-41
2025-08-19 09:53:51,803 INFO o.a.j.t.JMeterThread: Thread is done: Thread Group 1-4
2025-08-19 09:53:51,804 INFO o.a.j.t.JMeterThread: Thread finished: Thread Group 1-15
2025-08-19 09:53:51,803 INFO o.a.j.t.JMeterThread: Thread is done: Thread Group 1-28
2025-08-19 09:53:51,804 INFO o.a.j.t.JMeterThread: Thread finished: Thread Group 1-22
2025-08-19 09:53:51,803 INFO o.a.j.t.JMeterThread: Thread is done: Thread Group 1-38
2025-08-19 09:53:51,804 INFO o.a.j.t.JMeterThread: Thread finished: Thread Group 1-4
2025-08-19 09:53:51,803 INFO o.a.j.t.JMeterThread: Thread is done: Thread Group 1-34
2025-08-19 09:53:51,804 INFO o.a.j.t.JMeterThread: Thread finished: Thread Group 1-38
2025-08-19 09:53:51,804 INFO o.a.j.t.JMeterThread: Thread is done: Thread Group 1-11
2025-08-19 09:53:51,804 INFO o.a.j.t.JMeterThread: Thread is done: Thread Group 1-1
2025-08-19 09:53:51,804 INFO o.a.j.t.JMeterThread: Thread finished: Thread Group 1-8
2025-08-19 09:53:51,804 INFO o.a.j.t.JMeterThread: Thread finished: Thread Group 1-23
2025-08-19 09:53:51,804 INFO o.a.j.t.JMeterThread: Thread finished: Thread Group 1-28
2025-08-19 09:53:51,804 INFO o.a.j.t.JMeterThread: Thread is done: Thread Group 1-33
2025-08-19 09:53:51,804 INFO o.a.j.t.JMeterThread: Thread finished: Thread Group 1-3
2025-08-19 09:53:51,804 INFO o.a.j.t.JMeterThread: Thread is done: Thread Group 1-21
2025-08-19 09:53:51,804 INFO o.a.j.t.JMeterThread: Thread is done: Thread Group 1-9
2025-08-19 09:53:51,804 INFO o.a.j.t.JMeterThread: Thread is done: Thread Group 1-35
2025-08-19 09:53:51,804 INFO o.a.j.t.JMeterThread: Thread finished: Thread Group 1-9
2025-08-19 09:53:51,804 INFO o.a.j.t.JMeterThread: Thread finished: Thread Group 1-18
2025-08-19 09:53:51,804 INFO o.a.j.t.JMeterThread: Thread finished: Thread Group 1-35
2025-08-19 09:53:51,804 INFO o.a.j.t.JMeterThread: Thread finished: Thread Group 1-14
2025-08-19 09:53:51,804 INFO o.a.j.t.JMeterThread: Thread finished: Thread Group 1-12
2025-08-19 09:53:51,804 INFO o.a.j.t.JMeterThread: Thread is done: Thread Group 1-43
2025-08-19 09:53:51,804 INFO o.a.j.t.JMeterThread: Thread is done: Thread Group 1-6
2025-08-19 09:53:51,803 INFO o.a.j.t.JMeterThread: Thread is done: Thread Group 1-2
2025-08-19 09:53:51,804 INFO o.a.j.t.JMeterThread: Thread finished: Thread Group 1-43
2025-08-19 09:53:51,803 INFO o.a.j.t.JMeterThread: Thread finished: Thread Group 1-31
2025-08-19 09:53:51,804 INFO o.a.j.t.JMeterThread: Thread finished: Thread Group 1-17
2025-08-19 09:53:51,803 INFO o.a.j.t.JMeterThread: Thread is done: Thread Group 1-25
2025-08-19 09:53:51,804 INFO o.a.j.t.JMeterThread: Thread finished: Thread Group 1-2
2025-08-19 09:53:51,803 INFO o.a.j.t.JMeterThread: Thread is done: Thread Group 1-20
2025-08-19 09:53:51,804 INFO o.a.j.t.JMeterThread: Thread finished: Thread Group 1-25
2025-08-19 09:53:51,804 INFO o.a.j.t.JMeterThread: Thread finished: Thread Group 1-6
2025-08-19 09:53:51,804 INFO o.a.j.t.JMeterThread: Thread finished: Thread Group 1-21
2025-08-19 09:53:51,804 INFO o.a.j.t.JMeterThread: Thread finished: Thread Group 1-33
2025-08-19 09:53:51,804 INFO o.a.j.t.JMeterThread: Thread finished: Thread Group 1-32
2025-08-19 09:53:51,804 INFO o.a.j.t.JMeterThread: Thread finished: Thread Group 1-1
2025-08-19 09:53:51,804 INFO o.a.j.t.JMeterThread: Thread finished: Thread Group 1-11
2025-08-19 09:53:51,804 INFO o.a.j.t.JMeterThread: Thread is done: Thread Group 1-10
2025-08-19 09:53:51,804 INFO o.a.j.t.JMeterThread: Thread finished: Thread Group 1-34
2025-08-19 09:53:51,804 INFO o.a.j.t.JMeterThread: Thread finished: Thread Group 1-20
2025-08-19 09:53:51,804 INFO o.a.j.t.JMeterThread: Thread finished: Thread Group 1-13
2025-08-19 09:53:51,804 INFO o.a.j.t.JMeterThread: Thread finished: Thread Group 1-40
2025-08-19 09:53:51,805 INFO o.a.j.t.JMeterThread: Thread finished: Thread Group 1-10
2025-08-19 09:53:51,806 INFO o.a.j.t.JMeterThread: Thread started: Thread Group 1-48
2025-08-19 09:53:51,807 INFO o.a.j.t.JMeterThread: Thread is done: Thread Group 1-47
2025-08-19 09:53:51,808 INFO o.a.j.t.JMeterThread: Thread finished: Thread Group 1-47
2025-08-19 09:53:51,812 INFO o.a.j.t.JMeterThread: Thread is done: Thread Group 1-48
2025-08-19 09:53:51,812 INFO o.a.j.t.JMeterThread: Thread finished: Thread Group 1-48
2025-08-19 09:53:51,812 INFO o.a.j.t.JMeterThread: Thread started: Thread Group 1-49
2025-08-19 09:53:51,817 INFO o.a.j.t.JMeterThread: Thread started: Thread Group 1-50
2025-08-19 09:53:51,817 INFO o.a.j.t.JMeterThread: Thread is done: Thread Group 1-49
2025-08-19 09:53:51,817 INFO o.a.j.t.JMeterThread: Thread finished: Thread Group 1-49
2025-08-19 09:53:51,822 INFO o.a.j.t.JMeterThread: Thread is done: Thread Group 1-50
2025-08-19 09:53:51,822 INFO o.a.j.t.JMeterThread: Thread started: Thread Group 1-51
2025-08-19 09:53:51,822 INFO o.a.j.t.JMeterThread: Thread finished: Thread Group 1-50
2025-08-19 09:53:51,826 INFO o.a.j.t.JMeterThread: Thread is done: Thread Group 1-51
2025-08-19 09:53:51,826 INFO o.a.j.t.JMeterThread: Thread finished: Thread Group 1-51
2025-08-19 09:53:51,827 INFO o.a.j.t.JMeterThread: Thread started: Thread Group 1-52
2025-08-19 09:53:51,832 INFO o.a.j.t.JMeterThread: Thread is done: Thread Group 1-52
2025-08-19 09:53:51,832 INFO o.a.j.t.JMeterThread: Thread finished: Thread Group 1-52
2025-08-19 09:53:51,832 INFO o.a.j.t.JMeterThread: Thread started: Thread Group 1-53
2025-08-19 09:53:51,836 INFO o.a.j.t.JMeterThread: Thread is done: Thread Group 1-53
2025-08-19 09:53:51,836 INFO o.a.j.t.JMeterThread: Thread finished: Thread Group 1-53
2025-08-19 09:53:51,837 INFO o.a.j.t.JMeterThread: Thread started: Thread Group 1-54
2025-08-19 09:53:51,841 INFO o.a.j.t.JMeterThread: Thread is done: Thread Group 1-54
2025-08-19 09:53:51,841 INFO o.a.j.t.JMeterThread: Thread finished: Thread Group 1-54
2025-08-19 09:53:51,842 INFO o.a.j.t.JMeterThread: Thread started: Thread Group 1-55
2025-08-19 09:53:51,847 INFO o.a.j.t.JMeterThread: Thread is done: Thread Group 1-55
2025-08-19 09:53:51,847 INFO o.a.j.t.JMeterThread: Thread finished: Thread Group 1-55
2025-08-19 09:53:51,848 INFO o.a.j.t.JMeterThread: Thread started: Thread Group 1-56
2025-08-19 09:53:51,852 INFO o.a.j.t.JMeterThread: Thread is done: Thread Group 1-56
2025-08-19 09:53:51,852 INFO o.a.j.t.JMeterThread: Thread finished: Thread Group 1-56
2025-08-19 09:53:51,852 INFO o.a.j.t.JMeterThread: Thread started: Thread Group 1-57
2025-08-19 09:53:51,857 INFO o.a.j.t.JMeterThread: Thread is done: Thread Group 1-57
2025-08-19 09:53:51,857 INFO o.a.j.t.JMeterThread: Thread finished: Thread Group 1-57
2025-08-19 09:53:51,858 INFO o.a.j.t.JMeterThread: Thread started: Thread Group 1-58
2025-08-19 09:53:51,862 INFO o.a.j.t.JMeterThread: Thread started: Thread Group 1-59
2025-08-19 09:53:51,863 INFO o.a.j.t.JMeterThread: Thread is done: Thread Group 1-58
2025-08-19 09:53:51,864 INFO o.a.j.t.JMeterThread: Thread finished: Thread Group 1-58
2025-08-19 09:53:51,867 INFO o.a.j.t.JMeterThread: Thread started: Thread Group 1-60
2025-08-19 09:53:51,868 INFO o.a.j.t.JMeterThread: Thread is done: Thread Group 1-59
2025-08-19 09:53:51,869 INFO o.a.j.t.JMeterThread: Thread finished: Thread Group 1-59
2025-08-19 09:53:51,871 INFO o.a.j.t.JMeterThread: Thread is done: Thread Group 1-60
2025-08-19 09:53:51,871 INFO o.a.j.t.JMeterThread: Thread finished: Thread Group 1-60
2025-08-19 09:53:51,872 INFO o.a.j.t.JMeterThread: Thread started: Thread Group 1-61
2025-08-19 09:53:51,878 INFO o.a.j.t.JMeterThread: Thread is done: Thread Group 1-61
2025-08-19 09:53:51,878 INFO o.a.j.t.JMeterThread: Thread finished: Thread Group 1-61
2025-08-19 09:53:51,878 INFO o.a.j.t.JMeterThread: Thread started: Thread Group 1-62
2025-08-19 09:53:51,882 INFO o.a.j.t.JMeterThread: Thread started: Thread Group 1-63
2025-08-19 09:53:51,882 INFO o.a.j.t.JMeterThread: Thread is done: Thread Group 1-62
2025-08-19 09:53:51,882 INFO o.a.j.t.JMeterThread: Thread finished: Thread Group 1-62
2025-08-19 09:53:51,887 INFO o.a.j.t.JMeterThread: Thread started: Thread Group 1-64
2025-08-19 09:53:51,887 INFO o.a.j.t.JMeterThread: Thread is done: Thread Group 1-63
2025-08-19 09:53:51,887 INFO o.a.j.t.JMeterThread: Thread finished: Thread Group 1-63
2025-08-19 09:53:51,892 INFO o.a.j.t.JMeterThread: Thread is done: Thread Group 1-64
2025-08-19 09:53:51,892 INFO o.a.j.t.JMeterThread: Thread started: Thread Group 1-65
2025-08-19 09:53:51,892 INFO o.a.j.t.JMeterThread: Thread finished: Thread Group 1-64
2025-08-19 09:53:51,897 INFO o.a.j.t.JMeterThread: Thread is done: Thread Group 1-65
2025-08-19 09:53:51,897 INFO o.a.j.t.JMeterThread: Thread finished: Thread Group 1-65
2025-08-19 09:53:51,898 INFO o.a.j.t.JMeterThread: Thread started: Thread Group 1-66
2025-08-19 09:53:51,902 INFO o.a.j.t.JMeterThread: Thread is done: Thread Group 1-66
2025-08-19 09:53:51,902 INFO o.a.j.t.JMeterThread: Thread finished: Thread Group 1-66
2025-08-19 09:53:51,902 INFO o.a.j.t.JMeterThread: Thread started: Thread Group 1-67
2025-08-19 09:53:51,907 INFO o.a.j.t.JMeterThread: Thread is done: Thread Group 1-67
2025-08-19 09:53:51,907 INFO o.a.j.t.JMeterThread: Thread finished: Thread Group 1-67
2025-08-19 09:53:51,907 INFO o.a.j.t.JMeterThread: Thread started: Thread Group 1-68
2025-08-19 09:53:51,911 INFO o.a.j.t.JMeterThread: Thread is done: Thread Group 1-68
2025-08-19 09:53:51,911 INFO o.a.j.t.JMeterThread: Thread finished: Thread Group 1-68
2025-08-19 09:53:51,912 INFO o.a.j.t.JMeterThread: Thread started: Thread Group 1-69
2025-08-19 09:53:51,917 INFO o.a.j.t.JMeterThread: Thread is done: Thread Group 1-69
2025-08-19 09:53:51,917 INFO o.a.j.t.JMeterThread: Thread finished: Thread Group 1-69
2025-08-19 09:53:51,917 INFO o.a.j.t.JMeterThread: Thread started: Thread Group 1-70
2025-08-19 09:53:51,922 INFO o.a.j.t.JMeterThread: Thread is done: Thread Group 1-70
2025-08-19 09:53:51,922 INFO o.a.j.t.JMeterThread: Thread finished: Thread Group 1-70
2025-08-19 09:53:51,923 INFO o.a.j.t.JMeterThread: Thread started: Thread Group 1-71
2025-08-19 09:53:51,927 INFO o.a.j.t.JMeterThread: Thread is done: Thread Group 1-71
2025-08-19 09:53:51,927 INFO o.a.j.t.JMeterThread: Thread finished: Thread Group 1-71
2025-08-19 09:53:51,927 INFO o.a.j.t.JMeterThread: Thread started: Thread Group 1-72
2025-08-19 09:53:51,931 INFO o.a.j.t.JMeterThread: Thread is done: Thread Group 1-72
2025-08-19 09:53:51,931 INFO o.a.j.t.JMeterThread: Thread finished: Thread Group 1-72
2025-08-19 09:53:51,933 INFO o.a.j.t.JMeterThread: Thread started: Thread Group 1-73
2025-08-19 09:53:51,937 INFO o.a.j.t.JMeterThread: Thread started: Thread Group 1-74
2025-08-19 09:53:51,938 INFO o.a.j.t.JMeterThread: Thread is done: Thread Group 1-73
2025-08-19 09:53:51,938 INFO o.a.j.t.JMeterThread: Thread finished: Thread Group 1-73
2025-08-19 09:53:51,941 INFO o.a.j.t.JMeterThread: Thread is done: Thread Group 1-74
2025-08-19 09:53:51,941 INFO o.a.j.t.JMeterThread: Thread finished: Thread Group 1-74
2025-08-19 09:53:51,942 INFO o.a.j.t.JMeterThread: Thread started: Thread Group 1-75
2025-08-19 09:53:51,946 INFO o.a.j.t.JMeterThread: Thread is done: Thread Group 1-75
2025-08-19 09:53:51,946 INFO o.a.j.t.JMeterThread: Thread finished: Thread Group 1-75
2025-08-19 09:53:51,948 INFO o.a.j.t.JMeterThread: Thread started: Thread Group 1-76
2025-08-19 09:53:51,951 INFO o.a.j.t.JMeterThread: Thread is done: Thread Group 1-76
2025-08-19 09:53:51,951 INFO o.a.j.t.JMeterThread: Thread finished: Thread Group 1-76
2025-08-19 09:53:51,952 INFO o.a.j.t.JMeterThread: Thread started: Thread Group 1-77
2025-08-19 09:53:51,956 INFO o.a.j.t.JMeterThread: Thread is done: Thread Group 1-77
2025-08-19 09:53:51,956 INFO o.a.j.t.JMeterThread: Thread finished: Thread Group 1-77
2025-08-19 09:53:51,957 INFO o.a.j.t.JMeterThread: Thread started: Thread Group 1-78
2025-08-19 09:53:51,961 INFO o.a.j.t.JMeterThread: Thread is done: Thread Group 1-78
2025-08-19 09:53:51,961 INFO o.a.j.t.JMeterThread: Thread finished: Thread Group 1-78
2025-08-19 09:53:51,963 INFO o.a.j.t.JMeterThread: Thread started: Thread Group 1-79
2025-08-19 09:53:51,967 INFO o.a.j.t.JMeterThread: Thread is done: Thread Group 1-79
2025-08-19 09:53:51,967 INFO o.a.j.t.JMeterThread: Thread finished: Thread Group 1-79
2025-08-19 09:53:51,968 INFO o.a.j.t.JMeterThread: Thread started: Thread Group 1-80
2025-08-19 09:53:51,973 INFO o.a.j.t.JMeterThread: Thread started: Thread Group 1-81
2025-08-19 09:53:51,973 INFO o.a.j.t.JMeterThread: Thread is done: Thread Group 1-80
2025-08-19 09:53:51,973 INFO o.a.j.t.JMeterThread: Thread finished: Thread Group 1-80
2025-08-19 09:53:51,978 INFO o.a.j.t.JMeterThread: Thread started: Thread Group 1-82
2025-08-19 09:53:51,978 INFO o.a.j.t.JMeterThread: Thread is done: Thread Group 1-81
2025-08-19 09:53:51,978 INFO o.a.j.t.JMeterThread: Thread finished: Thread Group 1-81
2025-08-19 09:53:51,982 INFO o.a.j.t.JMeterThread: Thread started: Thread Group 1-83
2025-08-19 09:53:51,982 INFO o.a.j.t.JMeterThread: Thread is done: Thread Group 1-82
2025-08-19 09:53:51,982 INFO o.a.j.t.JMeterThread: Thread finished: Thread Group 1-82
2025-08-19 09:53:51,985 INFO o.a.j.t.JMeterThread: Thread is done: Thread Group 1-83
2025-08-19 09:53:51,985 INFO o.a.j.t.JMeterThread: Thread finished: Thread Group 1-83
2025-08-19 09:53:51,987 INFO o.a.j.t.JMeterThread: Thread started: Thread Group 1-84
2025-08-19 09:53:51,991 INFO o.a.j.t.JMeterThread: Thread is done: Thread Group 1-84
2025-08-19 09:53:51,991 INFO o.a.j.t.JMeterThread: Thread finished: Thread Group 1-84
2025-08-19 09:53:51,992 INFO o.a.j.t.JMeterThread: Thread started: Thread Group 1-85
2025-08-19 09:53:51,997 INFO o.a.j.t.JMeterThread: Thread is done: Thread Group 1-85
2025-08-19 09:53:51,997 INFO o.a.j.t.JMeterThread: Thread finished: Thread Group 1-85
2025-08-19 09:53:51,998 INFO o.a.j.t.JMeterThread: Thread started: Thread Group 1-86
2025-08-19 09:53:52,002 INFO o.a.j.t.JMeterThread: Thread is done: Thread Group 1-86
2025-08-19 09:53:52,002 INFO o.a.j.t.JMeterThread: Thread finished: Thread Group 1-86
2025-08-19 09:53:52,002 INFO o.a.j.t.JMeterThread: Thread started: Thread Group 1-87
2025-08-19 09:53:52,006 INFO o.a.j.t.JMeterThread: Thread is done: Thread Group 1-87
2025-08-19 09:53:52,006 INFO o.a.j.t.JMeterThread: Thread finished: Thread Group 1-87
2025-08-19 09:53:52,008 INFO o.a.j.t.JMeterThread: Thread started: Thread Group 1-88
2025-08-19 09:53:52,011 INFO o.a.j.t.JMeterThread: Thread is done: Thread Group 1-88
2025-08-19 09:53:52,011 INFO o.a.j.t.JMeterThread: Thread finished: Thread Group 1-88
2025-08-19 09:53:52,012 INFO o.a.j.t.JMeterThread: Thread started: Thread Group 1-89
2025-08-19 09:53:52,016 INFO o.a.j.t.JMeterThread: Thread is done: Thread Group 1-89
2025-08-19 09:53:52,016 INFO o.a.j.t.JMeterThread: Thread finished: Thread Group 1-89
2025-08-19 09:53:52,018 INFO o.a.j.t.JMeterThread: Thread started: Thread Group 1-90
2025-08-19 09:53:52,022 INFO o.a.j.t.JMeterThread: Thread is done: Thread Group 1-90
2025-08-19 09:53:52,022 INFO o.a.j.t.JMeterThread: Thread finished: Thread Group 1-90
2025-08-19 09:53:52,023 INFO o.a.j.t.JMeterThread: Thread started: Thread Group 1-91
2025-08-19 09:53:52,027 INFO o.a.j.t.JMeterThread: Thread is done: Thread Group 1-91
2025-08-19 09:53:52,027 INFO o.a.j.t.JMeterThread: Thread finished: Thread Group 1-91
2025-08-19 09:53:52,028 INFO o.a.j.t.JMeterThread: Thread started: Thread Group 1-92
2025-08-19 09:53:52,030 INFO o.a.j.t.JMeterThread: Thread is done: Thread Group 1-92
2025-08-19 09:53:52,031 INFO o.a.j.t.JMeterThread: Thread finished: Thread Group 1-92
2025-08-19 09:53:52,032 INFO o.a.j.t.JMeterThread: Thread started: Thread Group 1-93
2025-08-19 09:53:52,035 INFO o.a.j.t.JMeterThread: Thread is done: Thread Group 1-93
2025-08-19 09:53:52,035 INFO o.a.j.t.JMeterThread: Thread finished: Thread Group 1-93
2025-08-19 09:53:52,038 INFO o.a.j.t.JMeterThread: Thread started: Thread Group 1-94
2025-08-19 09:53:52,042 INFO o.a.j.t.JMeterThread: Thread is done: Thread Group 1-94
2025-08-19 09:53:52,042 INFO o.a.j.t.JMeterThread: Thread finished: Thread Group 1-94
2025-08-19 09:53:52,042 INFO o.a.j.t.JMeterThread: Thread started: Thread Group 1-95
2025-08-19 09:53:52,045 INFO o.a.j.t.JMeterThread: Thread is done: Thread Group 1-95
2025-08-19 09:53:52,045 INFO o.a.j.t.JMeterThread: Thread finished: Thread Group 1-95
2025-08-19 09:53:52,048 INFO o.a.j.t.JMeterThread: Thread started: Thread Group 1-96
2025-08-19 09:53:52,051 INFO o.a.j.t.JMeterThread: Thread is done: Thread Group 1-96
2025-08-19 09:53:52,051 INFO o.a.j.t.JMeterThread: Thread finished: Thread Group 1-96
2025-08-19 09:53:52,052 INFO o.a.j.t.JMeterThread: Thread started: Thread Group 1-97
2025-08-19 09:53:52,055 INFO o.a.j.t.JMeterThread: Thread is done: Thread Group 1-97
2025-08-19 09:53:52,055 INFO o.a.j.t.JMeterThread: Thread finished: Thread Group 1-97
2025-08-19 09:53:52,058 INFO o.a.j.t.JMeterThread: Thread started: Thread Group 1-98
2025-08-19 09:53:52,061 INFO o.a.j.t.JMeterThread: Thread is done: Thread Group 1-98
2025-08-19 09:53:52,061 INFO o.a.j.t.JMeterThread: Thread finished: Thread Group 1-98
2025-08-19 09:53:52,063 INFO o.a.j.t.JMeterThread: Thread started: Thread Group 1-99
2025-08-19 09:53:52,066 INFO o.a.j.t.JMeterThread: Thread is done: Thread Group 1-99
2025-08-19 09:53:52,066 INFO o.a.j.t.JMeterThread: Thread finished: Thread Group 1-99
2025-08-19 09:53:52,068 INFO o.a.j.t.JMeterThread: Thread started: Thread Group 1-100
2025-08-19 09:53:52,071 INFO o.a.j.t.JMeterThread: Thread is done: Thread Group 1-100
2025-08-19 09:53:52,071 INFO o.a.j.t.JMeterThread: Thread finished: Thread Group 1-100
2025-08-19 09:53:52,073 INFO o.a.j.t.JMeterThread: Thread started: Thread Group 1-101
2025-08-19 09:53:52,077 INFO o.a.j.t.JMeterThread: Thread started: Thread Group 1-102
2025-08-19 09:53:52,077 INFO o.a.j.t.JMeterThread: Thread is done: Thread Group 1-101
2025-08-19 09:53:52,077 INFO o.a.j.t.JMeterThread: Thread finished: Thread Group 1-101
2025-08-19 09:53:52,079 INFO o.a.j.t.JMeterThread: Thread is done: Thread Group 1-102
2025-08-19 09:53:52,079 INFO o.a.j.t.JMeterThread: Thread finished: Thread Group 1-102
2025-08-19 09:53:52,083 INFO o.a.j.t.JMeterThread: Thread started: Thread Group 1-103
2025-08-19 09:53:52,087 INFO o.a.j.t.JMeterThread: Thread is done: Thread Group 1-103
2025-08-19 09:53:52,087 INFO o.a.j.t.JMeterThread: Thread finished: Thread Group 1-103
2025-08-19 09:53:52,087 INFO o.a.j.t.JMeterThread: Thread started: Thread Group 1-104
2025-08-19 09:53:52,091 INFO o.a.j.t.JMeterThread: Thread is done: Thread Group 1-104
2025-08-19 09:53:52,091 INFO o.a.j.t.JMeterThread: Thread finished: Thread Group 1-104
2025-08-19 09:53:52,093 INFO o.a.j.t.JMeterThread: Thread started: Thread Group 1-105
2025-08-19 09:53:52,096 INFO o.a.j.t.JMeterThread: Thread is done: Thread Group 1-105
2025-08-19 09:53:52,096 INFO o.a.j.t.JMeterThread: Thread finished: Thread Group 1-105
2025-08-19 09:53:52,097 INFO o.a.j.t.JMeterThread: Thread started: Thread Group 1-106
2025-08-19 09:53:52,101 INFO o.a.j.t.JMeterThread: Thread is done: Thread Group 1-106
2025-08-19 09:53:52,101 INFO o.a.j.t.JMeterThread: Thread finished: Thread Group 1-106
2025-08-19 09:53:52,103 INFO o.a.j.t.JMeterThread: Thread started: Thread Group 1-107
2025-08-19 09:53:52,106 INFO o.a.j.t.JMeterThread: Thread is done: Thread Group 1-107
2025-08-19 09:53:52,106 INFO o.a.j.t.JMeterThread: Thread finished: Thread Group 1-107
2025-08-19 09:53:52,107 INFO o.a.j.t.JMeterThread: Thread started: Thread Group 1-108
2025-08-19 09:53:52,111 INFO o.a.j.t.JMeterThread: Thread is done: Thread Group 1-108
2025-08-19 09:53:52,111 INFO o.a.j.t.JMeterThread: Thread finished: Thread Group 1-108
2025-08-19 09:53:52,113 INFO o.a.j.t.JMeterThread: Thread started: Thread Group 1-109
2025-08-19 09:53:52,115 INFO o.a.j.t.JMeterThread: Thread is done: Thread Group 1-109
2025-08-19 09:53:52,115 INFO o.a.j.t.JMeterThread: Thread finished: Thread Group 1-109
2025-08-19 09:53:52,119 INFO o.a.j.t.JMeterThread: Thread started: Thread Group 1-110
2025-08-19 09:53:52,122 INFO o.a.j.t.JMeterThread: Thread is done: Thread Group 1-110
2025-08-19 09:53:52,122 INFO o.a.j.t.JMeterThread: Thread finished: Thread Group 1-110
2025-08-19 09:53:52,123 INFO o.a.j.t.JMeterThread: Thread started: Thread Group 1-111
2025-08-19 09:53:52,125 INFO o.a.j.t.JMeterThread: Thread is done: Thread Group 1-111
2025-08-19 09:53:52,125 INFO o.a.j.t.JMeterThread: Thread finished: Thread Group 1-111
2025-08-19 09:53:52,128 INFO o.a.j.t.JMeterThread: Thread started: Thread Group 1-112
2025-08-19 09:53:52,130 INFO o.a.j.t.JMeterThread: Thread is done: Thread Group 1-112
2025-08-19 09:53:52,130 INFO o.a.j.t.JMeterThread: Thread finished: Thread Group 1-112
2025-08-19 09:53:52,133 INFO o.a.j.t.JMeterThread: Thread started: Thread Group 1-113
2025-08-19 09:53:52,135 INFO o.a.j.t.JMeterThread: Thread is done: Thread Group 1-113
2025-08-19 09:53:52,135 INFO o.a.j.t.JMeterThread: Thread finished: Thread Group 1-113
2025-08-19 09:53:52,139 INFO o.a.j.t.JMeterThread: Thread started: Thread Group 1-114
2025-08-19 09:53:52,141 INFO o.a.j.t.JMeterThread: Thread is done: Thread Group 1-114
2025-08-19 09:53:52,141 INFO o.a.j.t.JMeterThread: Thread finished: Thread Group 1-114
2025-08-19 09:53:52,142 INFO o.a.j.t.JMeterThread: Thread started: Thread Group 1-115
2025-08-19 09:53:52,145 INFO o.a.j.t.JMeterThread: Thread is done: Thread Group 1-115
2025-08-19 09:53:52,145 INFO o.a.j.t.JMeterThread: Thread finished: Thread Group 1-115
2025-08-19 09:53:52,147 INFO o.a.j.t.JMeterThread: Thread started: Thread Group 1-116
2025-08-19 09:53:52,149 INFO o.a.j.t.JMeterThread: Thread is done: Thread Group 1-116
2025-08-19 09:53:52,149 INFO o.a.j.t.JMeterThread: Thread finished: Thread Group 1-116
2025-08-19 09:53:52,152 INFO o.a.j.t.JMeterThread: Thread started: Thread Group 1-117
2025-08-19 09:53:52,155 INFO o.a.j.t.JMeterThread: Thread is done: Thread Group 1-117
2025-08-19 09:53:52,155 INFO o.a.j.t.JMeterThread: Thread finished: Thread Group 1-117
2025-08-19 09:53:52,157 INFO o.a.j.t.JMeterThread: Thread started: Thread Group 1-118
2025-08-19 09:53:52,160 INFO o.a.j.t.JMeterThread: Thread is done: Thread Group 1-118
2025-08-19 09:53:52,160 INFO o.a.j.t.JMeterThread: Thread finished: Thread Group 1-118
2025-08-19 09:53:52,162 INFO o.a.j.t.JMeterThread: Thread started: Thread Group 1-119
2025-08-19 09:53:52,165 INFO o.a.j.t.JMeterThread: Thread is done: Thread Group 1-119
2025-08-19 09:53:52,165 INFO o.a.j.t.JMeterThread: Thread finished: Thread Group 1-119
2025-08-19 09:53:52,167 INFO o.a.j.t.JMeterThread: Thread started: Thread Group 1-120
2025-08-19 09:53:52,169 INFO o.a.j.t.JMeterThread: Thread is done: Thread Group 1-120
2025-08-19 09:53:52,169 INFO o.a.j.t.JMeterThread: Thread finished: Thread Group 1-120
2025-08-19 09:53:52,173 INFO o.a.j.t.JMeterThread: Thread started: Thread Group 1-121
2025-08-19 09:53:52,176 INFO o.a.j.t.JMeterThread: Thread is done: Thread Group 1-121
2025-08-19 09:53:52,176 INFO o.a.j.t.JMeterThread: Thread finished: Thread Group 1-121
2025-08-19 09:53:52,177 INFO o.a.j.t.JMeterThread: Thread started: Thread Group 1-122
2025-08-19 09:53:52,180 INFO o.a.j.t.JMeterThread: Thread is done: Thread Group 1-122
2025-08-19 09:53:52,180 INFO o.a.j.t.JMeterThread: Thread finished: Thread Group 1-122
2025-08-19 09:53:52,182 INFO o.a.j.t.JMeterThread: Thread started: Thread Group 1-123
2025-08-19 09:53:52,185 INFO o.a.j.t.JMeterThread: Thread is done: Thread Group 1-123
2025-08-19 09:53:52,185 INFO o.a.j.t.JMeterThread: Thread finished: Thread Group 1-123
2025-08-19 09:53:52,187 INFO o.a.j.t.JMeterThread: Thread started: Thread Group 1-124
2025-08-19 09:53:52,189 INFO o.a.j.t.JMeterThread: Thread is done: Thread Group 1-124
2025-08-19 09:53:52,189 INFO o.a.j.t.JMeterThread: Thread finished: Thread Group 1-124
2025-08-19 09:53:52,192 INFO o.a.j.t.JMeterThread: Thread started: Thread Group 1-125
2025-08-19 09:53:52,195 INFO o.a.j.t.JMeterThread: Thread is done: Thread Group 1-125
2025-08-19 09:53:52,196 INFO o.a.j.t.JMeterThread: Thread finished: Thread Group 1-125
2025-08-19 09:53:52,197 INFO o.a.j.t.JMeterThread: Thread started: Thread Group 1-126
2025-08-19 09:53:52,200 INFO o.a.j.t.JMeterThread: Thread is done: Thread Group 1-126
2025-08-19 09:53:52,200 INFO o.a.j.t.JMeterThread: Thread finished: Thread Group 1-126
2025-08-19 09:53:52,202 INFO o.a.j.t.JMeterThread: Thread started: Thread Group 1-127
2025-08-19 09:53:52,206 INFO o.a.j.t.JMeterThread: Thread is done: Thread Group 1-127
2025-08-19 09:53:52,206 INFO o.a.j.t.JMeterThread: Thread finished: Thread Group 1-127
2025-08-19 09:53:52,207 INFO o.a.j.t.JMeterThread: Thread started: Thread Group 1-128
2025-08-19 09:53:52,211 INFO o.a.j.t.JMeterThread: Thread is done: Thread Group 1-128
2025-08-19 09:53:52,211 INFO o.a.j.t.JMeterThread: Thread finished: Thread Group 1-128
2025-08-19 09:53:52,212 INFO o.a.j.t.JMeterThread: Thread started: Thread Group 1-129
2025-08-19 09:53:52,216 INFO o.a.j.t.JMeterThread: Thread is done: Thread Group 1-129
2025-08-19 09:53:52,216 INFO o.a.j.t.JMeterThread: Thread finished: Thread Group 1-129
2025-08-19 09:53:52,218 INFO o.a.j.t.JMeterThread: Thread started: Thread Group 1-130
2025-08-19 09:53:52,222 INFO o.a.j.t.JMeterThread: Thread is done: Thread Group 1-130
2025-08-19 09:53:52,222 INFO o.a.j.t.JMeterThread: Thread finished: Thread Group 1-130
2025-08-19 09:53:52,223 INFO o.a.j.t.JMeterThread: Thread started: Thread Group 1-131
2025-08-19 09:53:52,226 INFO o.a.j.t.JMeterThread: Thread is done: Thread Group 1-131
2025-08-19 09:53:52,226 INFO o.a.j.t.JMeterThread: Thread finished: Thread Group 1-131
2025-08-19 09:53:52,227 INFO o.a.j.t.JMeterThread: Thread started: Thread Group 1-132
2025-08-19 09:53:52,230 INFO o.a.j.t.JMeterThread: Thread is done: Thread Group 1-132
2025-08-19 09:53:52,230 INFO o.a.j.t.JMeterThread: Thread finished: Thread Group 1-132
2025-08-19 09:53:52,232 INFO o.a.j.t.JMeterThread: Thread started: Thread Group 1-133
2025-08-19 09:53:52,235 INFO o.a.j.t.JMeterThread: Thread is done: Thread Group 1-133
2025-08-19 09:53:52,235 INFO o.a.j.t.JMeterThread: Thread finished: Thread Group 1-133
2025-08-19 09:53:52,237 INFO o.a.j.t.JMeterThread: Thread started: Thread Group 1-134
2025-08-19 09:53:52,240 INFO o.a.j.t.JMeterThread: Thread is done: Thread Group 1-134
2025-08-19 09:53:52,240 INFO o.a.j.t.JMeterThread: Thread finished: Thread Group 1-134
2025-08-19 09:53:52,242 INFO o.a.j.t.JMeterThread: Thread started: Thread Group 1-135
2025-08-19 09:53:52,245 INFO o.a.j.t.JMeterThread: Thread is done: Thread Group 1-135
2025-08-19 09:53:52,245 INFO o.a.j.t.JMeterThread: Thread finished: Thread Group 1-135
2025-08-19 09:53:52,249 INFO o.a.j.t.JMeterThread: Thread started: Thread Group 1-136
2025-08-19 09:53:52,253 INFO o.a.j.t.JMeterThread: Thread started: Thread Group 1-137
2025-08-19 09:53:52,253 INFO o.a.j.t.JMeterThread: Thread is done: Thread Group 1-136
2025-08-19 09:53:52,253 INFO o.a.j.t.JMeterThread: Thread finished: Thread Group 1-136
2025-08-19 09:53:52,256 INFO o.a.j.t.JMeterThread: Thread is done: Thread Group 1-137
2025-08-19 09:53:52,256 INFO o.a.j.t.JMeterThread: Thread finished: Thread Group 1-137
2025-08-19 09:53:52,257 INFO o.a.j.t.JMeterThread: Thread started: Thread Group 1-138
2025-08-19 09:53:52,261 INFO o.a.j.t.JMeterThread: Thread is done: Thread Group 1-138
2025-08-19 09:53:52,261 INFO o.a.j.t.JMeterThread: Thread finished: Thread Group 1-138
2025-08-19 09:53:52,261 INFO o.a.j.t.JMeterThread: Thread started: Thread Group 1-139
2025-08-19 09:53:52,265 INFO o.a.j.t.JMeterThread: Thread is done: Thread Group 1-139
2025-08-19 09:53:52,265 INFO o.a.j.t.JMeterThread: Thread finished: Thread Group 1-139
2025-08-19 09:53:52,267 INFO o.a.j.t.JMeterThread: Thread started: Thread Group 1-140
2025-08-19 09:53:52,270 INFO o.a.j.t.JMeterThread: Thread is done: Thread Group 1-140
2025-08-19 09:53:52,270 INFO o.a.j.t.JMeterThread: Thread finished: Thread Group 1-140
2025-08-19 09:53:52,272 INFO o.a.j.t.JMeterThread: Thread started: Thread Group 1-141
2025-08-19 09:53:52,275 INFO o.a.j.t.JMeterThread: Thread is done: Thread Group 1-141
2025-08-19 09:53:52,275 INFO o.a.j.t.JMeterThread: Thread finished: Thread Group 1-141
2025-08-19 09:53:52,277 INFO o.a.j.t.JMeterThread: Thread started: Thread Group 1-142
2025-08-19 09:53:52,280 INFO o.a.j.t.JMeterThread: Thread is done: Thread Group 1-142
2025-08-19 09:53:52,280 INFO o.a.j.t.JMeterThread: Thread finished: Thread Group 1-142
2025-08-19 09:53:52,282 INFO o.a.j.t.JMeterThread: Thread started: Thread Group 1-143
2025-08-19 09:53:52,285 INFO o.a.j.t.JMeterThread: Thread is done: Thread Group 1-143
2025-08-19 09:53:52,285 INFO o.a.j.t.JMeterThread: Thread finished: Thread Group 1-143
2025-08-19 09:53:52,287 INFO o.a.j.t.JMeterThread: Thread started: Thread Group 1-144
2025-08-19 09:53:52,290 INFO o.a.j.t.JMeterThread: Thread is done: Thread Group 1-144
2025-08-19 09:53:52,290 INFO o.a.j.t.JMeterThread: Thread finished: Thread Group 1-144
2025-08-19 09:53:52,292 INFO o.a.j.t.JMeterThread: Thread started: Thread Group 1-145
2025-08-19 09:53:52,295 INFO o.a.j.t.JMeterThread: Thread is done: Thread Group 1-145
2025-08-19 09:53:52,295 INFO o.a.j.t.JMeterThread: Thread finished: Thread Group 1-145
2025-08-19 09:53:52,298 INFO o.a.j.t.JMeterThread: Thread started: Thread Group 1-146
2025-08-19 09:53:52,301 INFO o.a.j.t.JMeterThread: Thread is done: Thread Group 1-146
2025-08-19 09:53:52,301 INFO o.a.j.t.JMeterThread: Thread finished: Thread Group 1-146
2025-08-19 09:53:52,302 INFO o.a.j.t.JMeterThread: Thread started: Thread Group 1-147
2025-08-19 09:53:52,305 INFO o.a.j.t.JMeterThread: Thread is done: Thread Group 1-147
2025-08-19 09:53:52,305 INFO o.a.j.t.JMeterThread: Thread finished: Thread Group 1-147
2025-08-19 09:53:52,308 INFO o.a.j.t.JMeterThread: Thread started: Thread Group 1-148
2025-08-19 09:53:52,311 INFO o.a.j.t.JMeterThread: Thread is done: Thread Group 1-148
2025-08-19 09:53:52,311 INFO o.a.j.t.JMeterThread: Thread finished: Thread Group 1-148
2025-08-19 09:53:52,314 INFO o.a.j.t.JMeterThread: Thread started: Thread Group 1-149
2025-08-19 09:53:52,317 INFO o.a.j.t.JMeterThread: Thread is done: Thread Group 1-149
2025-08-19 09:53:52,317 INFO o.a.j.t.JMeterThread: Thread finished: Thread Group 1-149
2025-08-19 09:53:52,318 INFO o.a.j.t.JMeterThread: Thread started: Thread Group 1-150
2025-08-19 09:53:52,321 INFO o.a.j.t.JMeterThread: Thread is done: Thread Group 1-150
2025-08-19 09:53:52,321 INFO o.a.j.t.JMeterThread: Thread finished: Thread Group 1-150
2025-08-19 09:53:52,323 INFO o.a.j.t.JMeterThread: Thread started: Thread Group 1-151
2025-08-19 09:53:52,326 INFO o.a.j.t.JMeterThread: Thread is done: Thread Group 1-151
2025-08-19 09:53:52,326 INFO o.a.j.t.JMeterThread: Thread finished: Thread Group 1-151
2025-08-19 09:53:52,328 INFO o.a.j.t.JMeterThread: Thread started: Thread Group 1-152
2025-08-19 09:53:52,332 INFO o.a.j.t.JMeterThread: Thread is done: Thread Group 1-152
2025-08-19 09:53:52,332 INFO o.a.j.t.JMeterThread: Thread finished: Thread Group 1-152
2025-08-19 09:53:52,334 INFO o.a.j.t.JMeterThread: Thread started: Thread Group 1-153
2025-08-19 09:53:52,337 INFO o.a.j.t.JMeterThread: Thread started: Thread Group 1-154
2025-08-19 09:53:52,338 INFO o.a.j.t.JMeterThread: Thread is done: Thread Group 1-153
2025-08-19 09:53:52,338 INFO o.a.j.t.JMeterThread: Thread finished: Thread Group 1-153
2025-08-19 09:53:52,340 INFO o.a.j.t.JMeterThread: Thread is done: Thread Group 1-154
2025-08-19 09:53:52,340 INFO o.a.j.t.JMeterThread: Thread finished: Thread Group 1-154
2025-08-19 09:53:52,342 INFO o.a.j.t.JMeterThread: Thread started: Thread Group 1-155
2025-08-19 09:53:52,346 INFO o.a.j.t.JMeterThread: Thread is done: Thread Group 1-155
2025-08-19 09:53:52,346 INFO o.a.j.t.JMeterThread: Thread finished: Thread Group 1-155
2025-08-19 09:53:52,347 INFO o.a.j.t.JMeterThread: Thread started: Thread Group 1-156
2025-08-19 09:53:52,351 INFO o.a.j.t.JMeterThread: Thread is done: Thread Group 1-156
2025-08-19 09:53:52,351 INFO o.a.j.t.JMeterThread: Thread finished: Thread Group 1-156
2025-08-19 09:53:52,352 INFO o.a.j.t.JMeterThread: Thread started: Thread Group 1-157
2025-08-19 09:53:52,355 INFO o.a.j.t.JMeterThread: Thread is done: Thread Group 1-157
2025-08-19 09:53:52,355 INFO o.a.j.t.JMeterThread: Thread finished: Thread Group 1-157
2025-08-19 09:53:52,357 INFO o.a.j.t.JMeterThread: Thread started: Thread Group 1-158
2025-08-19 09:53:52,361 INFO o.a.j.t.JMeterThread: Thread is done: Thread Group 1-158
2025-08-19 09:53:52,361 INFO o.a.j.t.JMeterThread: Thread finished: Thread Group 1-158
2025-08-19 09:53:52,362 INFO o.a.j.t.JMeterThread: Thread started: Thread Group 1-159
2025-08-19 09:53:52,365 INFO o.a.j.t.JMeterThread: Thread is done: Thread Group 1-159
2025-08-19 09:53:52,365 INFO o.a.j.t.JMeterThread: Thread finished: Thread Group 1-159
2025-08-19 09:53:52,368 INFO o.a.j.t.JMeterThread: Thread started: Thread Group 1-160
2025-08-19 09:53:52,371 INFO o.a.j.t.JMeterThread: Thread is done: Thread Group 1-160
2025-08-19 09:53:52,371 INFO o.a.j.t.JMeterThread: Thread finished: Thread Group 1-160
2025-08-19 09:53:52,373 INFO o.a.j.t.JMeterThread: Thread started: Thread Group 1-161
2025-08-19 09:53:52,376 INFO o.a.j.t.JMeterThread: Thread is done: Thread Group 1-161
2025-08-19 09:53:52,376 INFO o.a.j.t.JMeterThread: Thread finished: Thread Group 1-161
2025-08-19 09:53:52,378 INFO o.a.j.t.JMeterThread: Thread started: Thread Group 1-162
2025-08-19 09:53:52,381 INFO o.a.j.t.JMeterThread: Thread is done: Thread Group 1-162
2025-08-19 09:53:52,381 INFO o.a.j.t.JMeterThread: Thread finished: Thread Group 1-162
2025-08-19 09:53:52,384 INFO o.a.j.t.JMeterThread: Thread started: Thread Group 1-163
2025-08-19 09:53:52,387 INFO o.a.j.t.JMeterThread: Thread is done: Thread Group 1-163
2025-08-19 09:53:52,387 INFO o.a.j.t.JMeterThread: Thread finished: Thread Group 1-163
2025-08-19 09:53:52,388 INFO o.a.j.t.JMeterThread: Thread started: Thread Group 1-164
2025-08-19 09:53:52,391 INFO o.a.j.t.JMeterThread: Thread is done: Thread Group 1-164
2025-08-19 09:53:52,391 INFO o.a.j.t.JMeterThread: Thread finished: Thread Group 1-164
2025-08-19 09:53:52,392 INFO o.a.j.t.JMeterThread: Thread started: Thread Group 1-165
2025-08-19 09:53:52,395 INFO o.a.j.t.JMeterThread: Thread is done: Thread Group 1-165
2025-08-19 09:53:52,395 INFO o.a.j.t.JMeterThread: Thread finished: Thread Group 1-165
2025-08-19 09:53:52,398 INFO o.a.j.t.JMeterThread: Thread started: Thread Group 1-166
2025-08-19 09:53:52,401 INFO o.a.j.t.JMeterThread: Thread is done: Thread Group 1-166
2025-08-19 09:53:52,401 INFO o.a.j.t.JMeterThread: Thread finished: Thread Group 1-166
2025-08-19 09:53:52,402 INFO o.a.j.t.JMeterThread: Thread started: Thread Group 1-167
2025-08-19 09:53:52,406 INFO o.a.j.t.JMeterThread: Thread is done: Thread Group 1-167
2025-08-19 09:53:52,406 INFO o.a.j.t.JMeterThread: Thread finished: Thread Group 1-167
2025-08-19 09:53:52,407 INFO o.a.j.t.JMeterThread: Thread started: Thread Group 1-168
2025-08-19 09:53:52,410 INFO o.a.j.t.JMeterThread: Thread is done: Thread Group 1-168
2025-08-19 09:53:52,410 INFO o.a.j.t.JMeterThread: Thread finished: Thread Group 1-168
2025-08-19 09:53:52,412 INFO o.a.j.t.JMeterThread: Thread started: Thread Group 1-169
2025-08-19 09:53:52,415 INFO o.a.j.t.JMeterThread: Thread is done: Thread Group 1-169
2025-08-19 09:53:52,415 INFO o.a.j.t.JMeterThread: Thread finished: Thread Group 1-169
2025-08-19 09:53:52,417 INFO o.a.j.t.JMeterThread: Thread started: Thread Group 1-170
2025-08-19 09:53:52,421 INFO o.a.j.t.JMeterThread: Thread is done: Thread Group 1-170
2025-08-19 09:53:52,421 INFO o.a.j.t.JMeterThread: Thread finished: Thread Group 1-170
2025-08-19 09:53:52,423 INFO o.a.j.t.JMeterThread: Thread started: Thread Group 1-171
2025-08-19 09:53:52,427 INFO o.a.j.t.JMeterThread: Thread is done: Thread Group 1-171
2025-08-19 09:53:52,427 INFO o.a.j.t.JMeterThread: Thread finished: Thread Group 1-171
2025-08-19 09:53:52,428 INFO o.a.j.t.JMeterThread: Thread started: Thread Group 1-172
2025-08-19 09:53:52,431 INFO o.a.j.t.JMeterThread: Thread is done: Thread Group 1-172
2025-08-19 09:53:52,431 INFO o.a.j.t.JMeterThread: Thread finished: Thread Group 1-172
2025-08-19 09:53:52,432 INFO o.a.j.t.JMeterThread: Thread started: Thread Group 1-173
2025-08-19 09:53:52,434 INFO o.a.j.t.JMeterThread: Thread is done: Thread Group 1-173
2025-08-19 09:53:52,434 INFO o.a.j.t.JMeterThread: Thread finished: Thread Group 1-173
2025-08-19 09:53:52,438 INFO o.a.j.t.JMeterThread: Thread started: Thread Group 1-174
2025-08-19 09:53:52,441 INFO o.a.j.t.JMeterThread: Thread is done: Thread Group 1-174
2025-08-19 09:53:52,441 INFO o.a.j.t.JMeterThread: Thread finished: Thread Group 1-174
2025-08-19 09:53:52,444 INFO o.a.j.t.JMeterThread: Thread started: Thread Group 1-175
2025-08-19 09:53:52,447 INFO o.a.j.t.JMeterThread: Thread is done: Thread Group 1-175
2025-08-19 09:53:52,447 INFO o.a.j.t.JMeterThread: Thread finished: Thread Group 1-175
2025-08-19 09:53:52,448 INFO o.a.j.t.JMeterThread: Thread started: Thread Group 1-176
2025-08-19 09:53:52,451 INFO o.a.j.t.JMeterThread: Thread is done: Thread Group 1-176
2025-08-19 09:53:52,451 INFO o.a.j.t.JMeterThread: Thread finished: Thread Group 1-176
2025-08-19 09:53:52,454 INFO o.a.j.t.JMeterThread: Thread started: Thread Group 1-177
2025-08-19 09:53:52,457 INFO o.a.j.t.JMeterThread: Thread is done: Thread Group 1-177
2025-08-19 09:53:52,457 INFO o.a.j.t.JMeterThread: Thread finished: Thread Group 1-177
2025-08-19 09:53:52,458 INFO o.a.j.t.JMeterThread: Thread started: Thread Group 1-178
2025-08-19 09:53:52,461 INFO o.a.j.t.JMeterThread: Thread is done: Thread Group 1-178
2025-08-19 09:53:52,461 INFO o.a.j.t.JMeterThread: Thread finished: Thread Group 1-178
2025-08-19 09:53:52,463 INFO o.a.j.t.JMeterThread: Thread started: Thread Group 1-179
2025-08-19 09:53:52,466 INFO o.a.j.t.JMeterThread: Thread is done: Thread Group 1-179
2025-08-19 09:53:52,466 INFO o.a.j.t.JMeterThread: Thread finished: Thread Group 1-179
2025-08-19 09:53:52,468 INFO o.a.j.t.JMeterThread: Thread started: Thread Group 1-180
2025-08-19 09:53:52,471 INFO o.a.j.t.JMeterThread: Thread is done: Thread Group 1-180
2025-08-19 09:53:52,471 INFO o.a.j.t.JMeterThread: Thread finished: Thread Group 1-180
2025-08-19 09:53:52,472 INFO o.a.j.t.JMeterThread: Thread started: Thread Group 1-181
2025-08-19 09:53:52,476 INFO o.a.j.t.JMeterThread: Thread is done: Thread Group 1-181
2025-08-19 09:53:52,476 INFO o.a.j.t.JMeterThread: Thread finished: Thread Group 1-181
2025-08-19 09:53:52,478 INFO o.a.j.t.JMeterThread: Thread started: Thread Group 1-182
2025-08-19 09:53:52,480 INFO o.a.j.t.JMeterThread: Thread is done: Thread Group 1-182
2025-08-19 09:53:52,481 INFO o.a.j.t.JMeterThread: Thread finished: Thread Group 1-182
2025-08-19 09:53:52,483 INFO o.a.j.t.JMeterThread: Thread started: Thread Group 1-183
2025-08-19 09:53:52,486 INFO o.a.j.t.JMeterThread: Thread is done: Thread Group 1-183
2025-08-19 09:53:52,486 INFO o.a.j.t.JMeterThread: Thread finished: Thread Group 1-183
2025-08-19 09:53:52,488 INFO o.a.j.t.JMeterThread: Thread started: Thread Group 1-184
2025-08-19 09:53:52,491 INFO o.a.j.t.JMeterThread: Thread is done: Thread Group 1-184
2025-08-19 09:53:52,491 INFO o.a.j.t.JMeterThread: Thread finished: Thread Group 1-184
2025-08-19 09:53:52,494 INFO o.a.j.t.JMeterThread: Thread started: Thread Group 1-185
2025-08-19 09:53:52,497 INFO o.a.j.t.JMeterThread: Thread is done: Thread Group 1-185
2025-08-19 09:53:52,497 INFO o.a.j.t.JMeterThread: Thread finished: Thread Group 1-185
2025-08-19 09:53:52,498 INFO o.a.j.t.JMeterThread: Thread started: Thread Group 1-186
2025-08-19 09:53:52,501 INFO o.a.j.t.JMeterThread: Thread is done: Thread Group 1-186
2025-08-19 09:53:52,501 INFO o.a.j.t.JMeterThread: Thread finished: Thread Group 1-186
2025-08-19 09:53:52,504 INFO o.a.j.t.JMeterThread: Thread started: Thread Group 1-187
2025-08-19 09:53:52,507 INFO o.a.j.t.JMeterThread: Thread is done: Thread Group 1-187
2025-08-19 09:53:52,507 INFO o.a.j.t.JMeterThread: Thread finished: Thread Group 1-187
2025-08-19 09:53:52,509 INFO o.a.j.t.JMeterThread: Thread started: Thread Group 1-188
2025-08-19 09:53:52,512 INFO o.a.j.t.JMeterThread: Thread is done: Thread Group 1-188
2025-08-19 09:53:52,512 INFO o.a.j.t.JMeterThread: Thread finished: Thread Group 1-188
2025-08-19 09:53:52,514 INFO o.a.j.t.JMeterThread: Thread started: Thread Group 1-189
2025-08-19 09:53:52,518 INFO o.a.j.t.JMeterThread: Thread is done: Thread Group 1-189
2025-08-19 09:53:52,518 INFO o.a.j.t.JMeterThread: Thread finished: Thread Group 1-189
2025-08-19 09:53:52,519 INFO o.a.j.t.JMeterThread: Thread started: Thread Group 1-190
2025-08-19 09:53:52,522 INFO o.a.j.t.JMeterThread: Thread is done: Thread Group 1-190
2025-08-19 09:53:52,522 INFO o.a.j.t.JMeterThread: Thread finished: Thread Group 1-190
2025-08-19 09:53:52,523 INFO o.a.j.t.JMeterThread: Thread started: Thread Group 1-191
2025-08-19 09:53:52,526 INFO o.a.j.t.JMeterThread: Thread is done: Thread Group 1-191
2025-08-19 09:53:52,526 INFO o.a.j.t.JMeterThread: Thread finished: Thread Group 1-191
2025-08-19 09:53:52,528 INFO o.a.j.t.JMeterThread: Thread started: Thread Group 1-192
2025-08-19 09:53:52,532 INFO o.a.j.t.JMeterThread: Thread is done: Thread Group 1-192
2025-08-19 09:53:52,532 INFO o.a.j.t.JMeterThread: Thread finished: Thread Group 1-192
2025-08-19 09:53:52,534 INFO o.a.j.t.JMeterThread: Thread started: Thread Group 1-193
2025-08-19 09:53:52,537 INFO o.a.j.t.JMeterThread: Thread is done: Thread Group 1-193
2025-08-19 09:53:52,537 INFO o.a.j.t.JMeterThread: Thread finished: Thread Group 1-193
2025-08-19 09:53:52,539 INFO o.a.j.t.JMeterThread: Thread started: Thread Group 1-194
2025-08-19 09:53:52,543 INFO o.a.j.t.JMeterThread: Thread is done: Thread Group 1-194
2025-08-19 09:53:52,543 INFO o.a.j.t.JMeterThread: Thread finished: Thread Group 1-194
2025-08-19 09:53:52,544 INFO o.a.j.t.JMeterThread: Thread started: Thread Group 1-195
2025-08-19 09:53:52,548 INFO o.a.j.t.JMeterThread: Thread is done: Thread Group 1-195
2025-08-19 09:53:52,548 INFO o.a.j.t.JMeterThread: Thread finished: Thread Group 1-195
2025-08-19 09:53:52,548 INFO o.a.j.t.JMeterThread: Thread started: Thread Group 1-196
2025-08-19 09:53:52,552 INFO o.a.j.t.JMeterThread: Thread is done: Thread Group 1-196
2025-08-19 09:53:52,552 INFO o.a.j.t.JMeterThread: Thread finished: Thread Group 1-196
2025-08-19 09:53:52,554 INFO o.a.j.t.JMeterThread: Thread started: Thread Group 1-197
2025-08-19 09:53:52,557 INFO o.a.j.t.JMeterThread: Thread is done: Thread Group 1-197
2025-08-19 09:53:52,557 INFO o.a.j.t.JMeterThread: Thread finished: Thread Group 1-197
2025-08-19 09:53:52,558 INFO o.a.j.t.JMeterThread: Thread started: Thread Group 1-198
2025-08-19 09:53:52,562 INFO o.a.j.t.JMeterThread: Thread is done: Thread Group 1-198
2025-08-19 09:53:52,562 INFO o.a.j.t.JMeterThread: Thread finished: Thread Group 1-198
2025-08-19 09:53:52,564 INFO o.a.j.t.JMeterThread: Thread started: Thread Group 1-199
2025-08-19 09:53:52,567 INFO o.a.j.t.JMeterThread: Thread is done: Thread Group 1-199
2025-08-19 09:53:52,567 INFO o.a.j.t.JMeterThread: Thread finished: Thread Group 1-199
2025-08-19 09:53:52,569 INFO o.a.j.t.JMeterThread: Thread started: Thread Group 1-200
2025-08-19 09:53:52,572 INFO o.a.j.t.JMeterThread: Thread is done: Thread Group 1-200
2025-08-19 09:53:52,572 INFO o.a.j.t.JMeterThread: Thread finished: Thread Group 1-200
2025-08-19 09:53:52,572 INFO o.a.j.e.StandardJMeterEngine: Notifying test listeners of end of test
2025-08-19 09:53:52,572 INFO o.a.j.g.u.JMeterMenuBar: setRunning(false, *local*)
2025-08-19 09:58:10,377 INFO o.a.j.e.StandardJMeterEngine: Running the test!
2025-08-19 09:58:10,377 INFO o.a.j.s.SampleEvent: List of sample_variables: []
2025-08-19 09:58:10,377 INFO o.a.j.g.u.JMeterMenuBar: setRunning(true, *local*)
2025-08-19 09:58:10,398 INFO o.a.j.e.StandardJMeterEngine: Starting ThreadGroup: 1 : Thread Group
2025-08-19 09:58:10,398 INFO o.a.j.e.StandardJMeterEngine: Starting 200 threads for group Thread Group.
2025-08-19 09:58:10,398 INFO o.a.j.e.StandardJMeterEngine: Thread will continue on error
2025-08-19 09:58:10,399 INFO o.a.j.t.ThreadGroup: Starting thread group... number=1 threads=200 ramp-up=1 delayedStart=false
2025-08-19 09:58:10,399 INFO o.a.j.t.JMeterThread: Thread started: Thread Group 1-1
2025-08-19 09:58:10,406 INFO o.a.j.t.JMeterThread: Thread is done: Thread Group 1-1
2025-08-19 09:58:10,406 INFO o.a.j.t.JMeterThread: Thread finished: Thread Group 1-1
2025-08-19 09:58:10,414 INFO o.a.j.t.ThreadGroup: Started thread group number 1
2025-08-19 09:58:10,414 INFO o.a.j.e.StandardJMeterEngine: All thread groups have been started
2025-08-19 09:58:10,418 INFO o.a.j.t.JMeterThread: Thread started: Thread Group 1-4
2025-08-19 09:58:10,418 INFO o.a.j.t.JMeterThread: Thread started: Thread Group 1-3
2025-08-19 09:58:10,418 INFO o.a.j.t.JMeterThread: Thread started: Thread Group 1-2
2025-08-19 09:58:10,422 INFO o.a.j.t.JMeterThread: Thread is done: Thread Group 1-4
2025-08-19 09:58:10,422 INFO o.a.j.t.JMeterThread: Thread is done: Thread Group 1-2
2025-08-19 09:58:10,423 INFO o.a.j.t.JMeterThread: Thread is done: Thread Group 1-3
2025-08-19 09:58:10,423 INFO o.a.j.t.JMeterThread: Thread finished: Thread Group 1-4
2025-08-19 09:58:10,423 INFO o.a.j.t.JMeterThread: Thread finished: Thread Group 1-3
2025-08-19 09:58:10,423 INFO o.a.j.t.JMeterThread: Thread finished: Thread Group 1-2
2025-08-19 09:58:10,434 INFO o.a.j.t.JMeterThread: Thread started: Thread Group 1-5
2025-08-19 09:58:10,434 INFO o.a.j.t.JMeterThread: Thread started: Thread Group 1-6
2025-08-19 09:58:10,434 INFO o.a.j.t.JMeterThread: Thread started: Thread Group 1-7
2025-08-19 09:58:10,438 INFO o.a.j.t.JMeterThread: Thread is done: Thread Group 1-5
2025-08-19 09:58:10,438 INFO o.a.j.t.JMeterThread: Thread finished: Thread Group 1-5
2025-08-19 09:58:10,438 INFO o.a.j.t.JMeterThread: Thread is done: Thread Group 1-7
2025-08-19 09:58:10,438 INFO o.a.j.t.JMeterThread: Thread is done: Thread Group 1-6
2025-08-19 09:58:10,439 INFO o.a.j.t.JMeterThread: Thread finished: Thread Group 1-7
2025-08-19 09:58:10,439 INFO o.a.j.t.JMeterThread: Thread finished: Thread Group 1-6
2025-08-19 09:58:10,450 INFO o.a.j.t.JMeterThread: Thread started: Thread Group 1-9
2025-08-19 09:58:10,450 INFO o.a.j.t.JMeterThread: Thread started: Thread Group 1-10
2025-08-19 09:58:10,450 INFO o.a.j.t.JMeterThread: Thread started: Thread Group 1-8
2025-08-19 09:58:10,455 INFO o.a.j.t.JMeterThread: Thread is done: Thread Group 1-8
2025-08-19 09:58:10,455 INFO o.a.j.t.JMeterThread: Thread is done: Thread Group 1-9
2025-08-19 09:58:10,455 INFO o.a.j.t.JMeterThread: Thread is done: Thread Group 1-10
2025-08-19 09:58:10,455 INFO o.a.j.t.JMeterThread: Thread finished: Thread Group 1-9
2025-08-19 09:58:10,455 INFO o.a.j.t.JMeterThread: Thread finished: Thread Group 1-8
2025-08-19 09:58:10,455 INFO o.a.j.t.JMeterThread: Thread finished: Thread Group 1-10
2025-08-19 09:58:10,465 INFO o.a.j.t.JMeterThread: Thread started: Thread Group 1-11
2025-08-19 09:58:10,465 INFO o.a.j.t.JMeterThread: Thread started: Thread Group 1-13
2025-08-19 09:58:10,465 INFO o.a.j.t.JMeterThread: Thread started: Thread Group 1-12
2025-08-19 09:58:10,465 INFO o.a.j.t.JMeterThread: Thread started: Thread Group 1-14
2025-08-19 09:58:10,469 INFO o.a.j.t.JMeterThread: Thread is done: Thread Group 1-11
2025-08-19 09:58:10,469 INFO o.a.j.t.JMeterThread: Thread is done: Thread Group 1-12
2025-08-19 09:58:10,469 INFO o.a.j.t.JMeterThread: Thread is done: Thread Group 1-13
2025-08-19 09:58:10,469 INFO o.a.j.t.JMeterThread: Thread finished: Thread Group 1-11
2025-08-19 09:58:10,469 INFO o.a.j.t.JMeterThread: Thread is done: Thread Group 1-14
2025-08-19 09:58:10,469 INFO o.a.j.t.JMeterThread: Thread finished: Thread Group 1-12
2025-08-19 09:58:10,469 INFO o.a.j.t.JMeterThread: Thread finished: Thread Group 1-14
2025-08-19 09:58:10,469 INFO o.a.j.t.JMeterThread: Thread finished: Thread Group 1-13
2025-08-19 09:58:10,481 INFO o.a.j.t.JMeterThread: Thread started: Thread Group 1-15
2025-08-19 09:58:10,481 INFO o.a.j.t.JMeterThread: Thread started: Thread Group 1-17
2025-08-19 09:58:10,481 INFO o.a.j.t.JMeterThread: Thread started: Thread Group 1-16
2025-08-19 09:58:10,485 INFO o.a.j.t.JMeterThread: Thread is done: Thread Group 1-15
2025-08-19 09:58:10,485 INFO o.a.j.t.JMeterThread: Thread is done: Thread Group 1-16
2025-08-19 09:58:10,485 INFO o.a.j.t.JMeterThread: Thread is done: Thread Group 1-17
2025-08-19 09:58:10,485 INFO o.a.j.t.JMeterThread: Thread finished: Thread Group 1-16
2025-08-19 09:58:10,485 INFO o.a.j.t.JMeterThread: Thread finished: Thread Group 1-17
2025-08-19 09:58:10,485 INFO o.a.j.t.JMeterThread: Thread finished: Thread Group 1-15
2025-08-19 09:58:10,497 INFO o.a.j.t.JMeterThread: Thread started: Thread Group 1-19
2025-08-19 09:58:10,497 INFO o.a.j.t.JMeterThread: Thread started: Thread Group 1-18
2025-08-19 09:58:10,497 INFO o.a.j.t.JMeterThread: Thread started: Thread Group 1-20
2025-08-19 09:58:10,501 INFO o.a.j.t.JMeterThread: Thread is done: Thread Group 1-18
2025-08-19 09:58:10,501 INFO o.a.j.t.JMeterThread: Thread is done: Thread Group 1-19
2025-08-19 09:58:10,501 INFO o.a.j.t.JMeterThread: Thread is done: Thread Group 1-20
2025-08-19 09:58:10,501 INFO o.a.j.t.JMeterThread: Thread finished: Thread Group 1-18
2025-08-19 09:58:10,501 INFO o.a.j.t.JMeterThread: Thread finished: Thread Group 1-19
2025-08-19 09:58:10,501 INFO o.a.j.t.JMeterThread: Thread finished: Thread Group 1-20
2025-08-19 09:58:10,513 INFO o.a.j.t.JMeterThread: Thread started: Thread Group 1-21
2025-08-19 09:58:10,513 INFO o.a.j.t.JMeterThread: Thread started: Thread Group 1-23
2025-08-19 09:58:10,513 INFO o.a.j.t.JMeterThread: Thread started: Thread Group 1-22
2025-08-19 09:58:10,518 INFO o.a.j.t.JMeterThread: Thread is done: Thread Group 1-22
2025-08-19 09:58:10,518 INFO o.a.j.t.JMeterThread: Thread is done: Thread Group 1-23
2025-08-19 09:58:10,518 INFO o.a.j.t.JMeterThread: Thread is done: Thread Group 1-21
2025-08-19 09:58:10,518 INFO o.a.j.t.JMeterThread: Thread finished: Thread Group 1-22
2025-08-19 09:58:10,518 INFO o.a.j.t.JMeterThread: Thread finished: Thread Group 1-23
2025-08-19 09:58:10,518 INFO o.a.j.t.JMeterThread: Thread finished: Thread Group 1-21
2025-08-19 09:58:10,529 INFO o.a.j.t.JMeterThread: Thread started: Thread Group 1-26
2025-08-19 09:58:10,529 INFO o.a.j.t.JMeterThread: Thread started: Thread Group 1-24
2025-08-19 09:58:10,529 INFO o.a.j.t.JMeterThread: Thread started: Thread Group 1-25
2025-08-19 09:58:10,533 INFO o.a.j.t.JMeterThread: Thread is done: Thread Group 1-24
2025-08-19 09:58:10,533 INFO o.a.j.t.JMeterThread: Thread is done: Thread Group 1-26
2025-08-19 09:58:10,533 INFO o.a.j.t.JMeterThread: Thread is done: Thread Group 1-25
2025-08-19 09:58:10,533 INFO o.a.j.t.JMeterThread: Thread finished: Thread Group 1-24
2025-08-19 09:58:10,533 INFO o.a.j.t.JMeterThread: Thread finished: Thread Group 1-26
2025-08-19 09:58:10,533 INFO o.a.j.t.JMeterThread: Thread finished: Thread Group 1-25
2025-08-19 09:58:10,545 INFO o.a.j.t.JMeterThread: Thread started: Thread Group 1-28
2025-08-19 09:58:10,545 INFO o.a.j.t.JMeterThread: Thread started: Thread Group 1-27
2025-08-19 09:58:10,545 INFO o.a.j.t.JMeterThread: Thread started: Thread Group 1-29
2025-08-19 09:58:10,549 INFO o.a.j.t.JMeterThread: Thread is done: Thread Group 1-28
2025-08-19 09:58:10,549 INFO o.a.j.t.JMeterThread: Thread is done: Thread Group 1-27
2025-08-19 09:58:10,549 INFO o.a.j.t.JMeterThread: Thread is done: Thread Group 1-29
2025-08-19 09:58:10,549 INFO o.a.j.t.JMeterThread: Thread finished: Thread Group 1-29
2025-08-19 09:58:10,549 INFO o.a.j.t.JMeterThread: Thread finished: Thread Group 1-28
2025-08-19 09:58:10,549 INFO o.a.j.t.JMeterThread: Thread finished: Thread Group 1-27
2025-08-19 09:58:10,560 INFO o.a.j.t.JMeterThread: Thread started: Thread Group 1-30
2025-08-19 09:58:10,560 INFO o.a.j.t.JMeterThread: Thread started: Thread Group 1-32
2025-08-19 09:58:10,560 INFO o.a.j.t.JMeterThread: Thread started: Thread Group 1-31
2025-08-19 09:58:10,563 INFO o.a.j.t.JMeterThread: Thread is done: Thread Group 1-32
2025-08-19 09:58:10,563 INFO o.a.j.t.JMeterThread: Thread finished: Thread Group 1-32
2025-08-19 09:58:10,563 INFO o.a.j.t.JMeterThread: Thread is done: Thread Group 1-30
2025-08-19 09:58:10,563 INFO o.a.j.t.JMeterThread: Thread is done: Thread Group 1-31
2025-08-19 09:58:10,563 INFO o.a.j.t.JMeterThread: Thread finished: Thread Group 1-30
2025-08-19 09:58:10,563 INFO o.a.j.t.JMeterThread: Thread finished: Thread Group 1-31
2025-08-19 09:58:10,575 INFO o.a.j.t.JMeterThread: Thread started: Thread Group 1-34
2025-08-19 09:58:10,575 INFO o.a.j.t.JMeterThread: Thread started: Thread Group 1-33
2025-08-19 09:58:10,575 INFO o.a.j.t.JMeterThread: Thread started: Thread Group 1-35
2025-08-19 09:58:10,579 INFO o.a.j.t.JMeterThread: Thread is done: Thread Group 1-33
2025-08-19 09:58:10,579 INFO o.a.j.t.JMeterThread: Thread finished: Thread Group 1-33
2025-08-19 09:58:10,579 INFO o.a.j.t.JMeterThread: Thread is done: Thread Group 1-35
2025-08-19 09:58:10,579 INFO o.a.j.t.JMeterThread: Thread finished: Thread Group 1-35
2025-08-19 09:58:10,579 INFO o.a.j.t.JMeterThread: Thread is done: Thread Group 1-34
2025-08-19 09:58:10,579 INFO o.a.j.t.JMeterThread: Thread finished: Thread Group 1-34
2025-08-19 09:58:10,590 INFO o.a.j.t.JMeterThread: Thread started: Thread Group 1-36
2025-08-19 09:58:10,590 INFO o.a.j.t.JMeterThread: Thread started: Thread Group 1-37
2025-08-19 09:58:10,590 INFO o.a.j.t.JMeterThread: Thread started: Thread Group 1-38
2025-08-19 09:58:10,594 INFO o.a.j.t.JMeterThread: Thread is done: Thread Group 1-37
2025-08-19 09:58:10,594 INFO o.a.j.t.JMeterThread: Thread is done: Thread Group 1-38
2025-08-19 09:58:10,594 INFO o.a.j.t.JMeterThread: Thread is done: Thread Group 1-36
2025-08-19 09:58:10,594 INFO o.a.j.t.JMeterThread: Thread finished: Thread Group 1-37
2025-08-19 09:58:10,595 INFO o.a.j.t.JMeterThread: Thread finished: Thread Group 1-38
2025-08-19 09:58:10,595 INFO o.a.j.t.JMeterThread: Thread finished: Thread Group 1-36
2025-08-19 09:58:10,606 INFO o.a.j.t.JMeterThread: Thread started: Thread Group 1-40
2025-08-19 09:58:10,606 INFO o.a.j.t.JMeterThread: Thread started: Thread Group 1-39
2025-08-19 09:58:10,606 INFO o.a.j.t.JMeterThread: Thread started: Thread Group 1-41
2025-08-19 09:58:10,609 INFO o.a.j.t.JMeterThread: Thread is done: Thread Group 1-39
2025-08-19 09:58:10,609 INFO o.a.j.t.JMeterThread: Thread finished: Thread Group 1-39
2025-08-19 09:58:10,609 INFO o.a.j.t.JMeterThread: Thread is done: Thread Group 1-41
2025-08-19 09:58:10,609 INFO o.a.j.t.JMeterThread: Thread is done: Thread Group 1-40
2025-08-19 09:58:10,609 INFO o.a.j.t.JMeterThread: Thread finished: Thread Group 1-41
2025-08-19 09:58:10,609 INFO o.a.j.t.JMeterThread: Thread finished: Thread Group 1-40
2025-08-19 09:58:10,621 INFO o.a.j.t.JMeterThread: Thread started: Thread Group 1-43
2025-08-19 09:58:10,621 INFO o.a.j.t.JMeterThread: Thread started: Thread Group 1-42
2025-08-19 09:58:10,621 INFO o.a.j.t.JMeterThread: Thread started: Thread Group 1-44
2025-08-19 09:58:10,624 INFO o.a.j.t.JMeterThread: Thread is done: Thread Group 1-42
2025-08-19 09:58:10,624 INFO o.a.j.t.JMeterThread: Thread finished: Thread Group 1-42
2025-08-19 09:58:10,624 INFO o.a.j.t.JMeterThread: Thread is done: Thread Group 1-44
2025-08-19 09:58:10,624 INFO o.a.j.t.JMeterThread: Thread is done: Thread Group 1-43
2025-08-19 09:58:10,624 INFO o.a.j.t.JMeterThread: Thread finished: Thread Group 1-44
2025-08-19 09:58:10,624 INFO o.a.j.t.JMeterThread: Thread finished: Thread Group 1-43
2025-08-19 09:58:10,636 INFO o.a.j.t.JMeterThread: Thread started: Thread Group 1-47
2025-08-19 09:58:10,636 INFO o.a.j.t.JMeterThread: Thread started: Thread Group 1-46
2025-08-19 09:58:10,636 INFO o.a.j.t.JMeterThread: Thread started: Thread Group 1-45
2025-08-19 09:58:10,640 INFO o.a.j.t.JMeterThread: Thread is done: Thread Group 1-46
2025-08-19 09:58:10,640 INFO o.a.j.t.JMeterThread: Thread is done: Thread Group 1-45
2025-08-19 09:58:10,640 INFO o.a.j.t.JMeterThread: Thread is done: Thread Group 1-47
2025-08-19 09:58:10,640 INFO o.a.j.t.JMeterThread: Thread finished: Thread Group 1-45
2025-08-19 09:58:10,640 INFO o.a.j.t.JMeterThread: Thread finished: Thread Group 1-47
2025-08-19 09:58:10,640 INFO o.a.j.t.JMeterThread: Thread finished: Thread Group 1-46
2025-08-19 09:58:10,652 INFO o.a.j.t.JMeterThread: Thread started: Thread Group 1-48
2025-08-19 09:58:10,652 INFO o.a.j.t.JMeterThread: Thread started: Thread Group 1-50
2025-08-19 09:58:10,652 INFO o.a.j.t.JMeterThread: Thread started: Thread Group 1-51
2025-08-19 09:58:10,652 INFO o.a.j.t.JMeterThread: Thread started: Thread Group 1-49
2025-08-19 09:58:10,657 INFO o.a.j.t.JMeterThread: Thread is done: Thread Group 1-49
2025-08-19 09:58:10,657 INFO o.a.j.t.JMeterThread: Thread is done: Thread Group 1-50
2025-08-19 09:58:10,657 INFO o.a.j.t.JMeterThread: Thread finished: Thread Group 1-49
2025-08-19 09:58:10,657 INFO o.a.j.t.JMeterThread: Thread is done: Thread Group 1-51
2025-08-19 09:58:10,657 INFO o.a.j.t.JMeterThread: Thread finished: Thread Group 1-50
2025-08-19 09:58:10,657 INFO o.a.j.t.JMeterThread: Thread is done: Thread Group 1-48
2025-08-19 09:58:10,657 INFO o.a.j.t.JMeterThread: Thread finished: Thread Group 1-48
2025-08-19 09:58:10,657 INFO o.a.j.t.JMeterThread: Thread finished: Thread Group 1-51
2025-08-19 09:58:10,668 INFO o.a.j.t.JMeterThread: Thread started: Thread Group 1-53
2025-08-19 09:58:10,668 INFO o.a.j.t.JMeterThread: Thread started: Thread Group 1-52
2025-08-19 09:58:10,668 INFO o.a.j.t.JMeterThread: Thread started: Thread Group 1-54
2025-08-19 09:58:10,673 INFO o.a.j.t.JMeterThread: Thread is done: Thread Group 1-54
2025-08-19 09:58:10,673 INFO o.a.j.t.JMeterThread: Thread finished: Thread Group 1-54
2025-08-19 09:58:10,673 INFO o.a.j.t.JMeterThread: Thread is done: Thread Group 1-53
2025-08-19 09:58:10,673 INFO o.a.j.t.JMeterThread: Thread is done: Thread Group 1-52
2025-08-19 09:58:10,673 INFO o.a.j.t.JMeterThread: Thread finished: Thread Group 1-53
2025-08-19 09:58:10,673 INFO o.a.j.t.JMeterThread: Thread finished: Thread Group 1-52
2025-08-19 09:58:10,683 INFO o.a.j.t.JMeterThread: Thread started: Thread Group 1-56
2025-08-19 09:58:10,683 INFO o.a.j.t.JMeterThread: Thread started: Thread Group 1-57
2025-08-19 09:58:10,683 INFO o.a.j.t.JMeterThread: Thread started: Thread Group 1-55
2025-08-19 09:58:10,687 INFO o.a.j.t.JMeterThread: Thread is done: Thread Group 1-56
2025-08-19 09:58:10,687 INFO o.a.j.t.JMeterThread: Thread is done: Thread Group 1-57
2025-08-19 09:58:10,687 INFO o.a.j.t.JMeterThread: Thread finished: Thread Group 1-56
2025-08-19 09:58:10,687 INFO o.a.j.t.JMeterThread: Thread finished: Thread Group 1-57
2025-08-19 09:58:10,687 INFO o.a.j.t.JMeterThread: Thread is done: Thread Group 1-55
2025-08-19 09:58:10,687 INFO o.a.j.t.JMeterThread: Thread finished: Thread Group 1-55
2025-08-19 09:58:10,698 INFO o.a.j.t.JMeterThread: Thread started: Thread Group 1-59
2025-08-19 09:58:10,698 INFO o.a.j.t.JMeterThread: Thread started: Thread Group 1-58
2025-08-19 09:58:10,698 INFO o.a.j.t.JMeterThread: Thread started: Thread Group 1-60
2025-08-19 09:58:10,702 INFO o.a.j.t.JMeterThread: Thread is done: Thread Group 1-58
2025-08-19 09:58:10,702 INFO o.a.j.t.JMeterThread: Thread is done: Thread Group 1-59
2025-08-19 09:58:10,702 INFO o.a.j.t.JMeterThread: Thread finished: Thread Group 1-58
2025-08-19 09:58:10,702 INFO o.a.j.t.JMeterThread: Thread is done: Thread Group 1-60
2025-08-19 09:58:10,702 INFO o.a.j.t.JMeterThread: Thread finished: Thread Group 1-59
2025-08-19 09:58:10,702 INFO o.a.j.t.JMeterThread: Thread finished: Thread Group 1-60
2025-08-19 09:58:10,714 INFO o.a.j.t.JMeterThread: Thread started: Thread Group 1-62
2025-08-19 09:58:10,714 INFO o.a.j.t.JMeterThread: Thread started: Thread Group 1-61
2025-08-19 09:58:10,714 INFO o.a.j.t.JMeterThread: Thread started: Thread Group 1-63
2025-08-19 09:58:10,718 INFO o.a.j.t.JMeterThread: Thread is done: Thread Group 1-61
2025-08-19 09:58:10,718 INFO o.a.j.t.JMeterThread: Thread is done: Thread Group 1-63
2025-08-19 09:58:10,718 INFO o.a.j.t.JMeterThread: Thread is done: Thread Group 1-62
2025-08-19 09:58:10,718 INFO o.a.j.t.JMeterThread: Thread finished: Thread Group 1-62
2025-08-19 09:58:10,718 INFO o.a.j.t.JMeterThread: Thread finished: Thread Group 1-63
2025-08-19 09:58:10,718 INFO o.a.j.t.JMeterThread: Thread finished: Thread Group 1-61
2025-08-19 09:58:10,729 INFO o.a.j.t.JMeterThread: Thread started: Thread Group 1-66
2025-08-19 09:58:10,729 INFO o.a.j.t.JMeterThread: Thread started: Thread Group 1-65
2025-08-19 09:58:10,729 INFO o.a.j.t.JMeterThread: Thread started: Thread Group 1-64
2025-08-19 09:58:10,733 INFO o.a.j.t.JMeterThread: Thread is done: Thread Group 1-64
2025-08-19 09:58:10,733 INFO o.a.j.t.JMeterThread: Thread is done: Thread Group 1-66
2025-08-19 09:58:10,733 INFO o.a.j.t.JMeterThread: Thread is done: Thread Group 1-65
2025-08-19 09:58:10,733 INFO o.a.j.t.JMeterThread: Thread finished: Thread Group 1-64
2025-08-19 09:58:10,733 INFO o.a.j.t.JMeterThread: Thread finished: Thread Group 1-66
2025-08-19 09:58:10,733 INFO o.a.j.t.JMeterThread: Thread finished: Thread Group 1-65
2025-08-19 09:58:10,745 INFO o.a.j.t.JMeterThread: Thread started: Thread Group 1-68
2025-08-19 09:58:10,745 INFO o.a.j.t.JMeterThread: Thread started: Thread Group 1-69
2025-08-19 09:58:10,745 INFO o.a.j.t.JMeterThread: Thread started: Thread Group 1-67
2025-08-19 09:58:10,748 INFO o.a.j.t.JMeterThread: Thread is done: Thread Group 1-67
2025-08-19 09:58:10,748 INFO o.a.j.t.JMeterThread: Thread is done: Thread Group 1-69
2025-08-19 09:58:10,748 INFO o.a.j.t.JMeterThread: Thread finished: Thread Group 1-67
2025-08-19 09:58:10,748 INFO o.a.j.t.JMeterThread: Thread is done: Thread Group 1-68
2025-08-19 09:58:10,748 INFO o.a.j.t.JMeterThread: Thread finished: Thread Group 1-69
2025-08-19 09:58:10,748 INFO o.a.j.t.JMeterThread: Thread finished: Thread Group 1-68
2025-08-19 09:58:10,760 INFO o.a.j.t.JMeterThread: Thread started: Thread Group 1-70
2025-08-19 09:58:10,760 INFO o.a.j.t.JMeterThread: Thread started: Thread Group 1-71
2025-08-19 09:58:10,760 INFO o.a.j.t.JMeterThread: Thread started: Thread Group 1-72
2025-08-19 09:58:10,764 INFO o.a.j.t.JMeterThread: Thread is done: Thread Group 1-71
2025-08-19 09:58:10,764 INFO o.a.j.t.JMeterThread: Thread is done: Thread Group 1-72
2025-08-19 09:58:10,764 INFO o.a.j.t.JMeterThread: Thread is done: Thread Group 1-70
2025-08-19 09:58:10,764 INFO o.a.j.t.JMeterThread: Thread finished: Thread Group 1-71
2025-08-19 09:58:10,764 INFO o.a.j.t.JMeterThread: Thread finished: Thread Group 1-72
2025-08-19 09:58:10,764 INFO o.a.j.t.JMeterThread: Thread finished: Thread Group 1-70
2025-08-19 09:58:10,776 INFO o.a.j.t.JMeterThread: Thread started: Thread Group 1-74
2025-08-19 09:58:10,776 INFO o.a.j.t.JMeterThread: Thread started: Thread Group 1-75
2025-08-19 09:58:10,776 INFO o.a.j.t.JMeterThread: Thread started: Thread Group 1-73
2025-08-19 09:58:10,779 INFO o.a.j.t.JMeterThread: Thread is done: Thread Group 1-75
2025-08-19 09:58:10,779 INFO o.a.j.t.JMeterThread: Thread finished: Thread Group 1-75
2025-08-19 09:58:10,779 INFO o.a.j.t.JMeterThread: Thread is done: Thread Group 1-73
2025-08-19 09:58:10,779 INFO o.a.j.t.JMeterThread: Thread finished: Thread Group 1-73
2025-08-19 09:58:10,779 INFO o.a.j.t.JMeterThread: Thread is done: Thread Group 1-74
2025-08-19 09:58:10,779 INFO o.a.j.t.JMeterThread: Thread finished: Thread Group 1-74
2025-08-19 09:58:10,792 INFO o.a.j.t.JMeterThread: Thread started: Thread Group 1-77
2025-08-19 09:58:10,792 INFO o.a.j.t.JMeterThread: Thread started: Thread Group 1-78
2025-08-19 09:58:10,792 INFO o.a.j.t.JMeterThread: Thread started: Thread Group 1-76
2025-08-19 09:58:10,792 INFO o.a.j.t.JMeterThread: Thread started: Thread Group 1-79
2025-08-19 09:58:10,796 INFO o.a.j.t.JMeterThread: Thread is done: Thread Group 1-79
2025-08-19 09:58:10,796 INFO o.a.j.t.JMeterThread: Thread finished: Thread Group 1-79
2025-08-19 09:58:10,796 INFO o.a.j.t.JMeterThread: Thread is done: Thread Group 1-76
2025-08-19 09:58:10,796 INFO o.a.j.t.JMeterThread: Thread is done: Thread Group 1-77
2025-08-19 09:58:10,796 INFO o.a.j.t.JMeterThread: Thread is done: Thread Group 1-78
2025-08-19 09:58:10,796 INFO o.a.j.t.JMeterThread: Thread finished: Thread Group 1-77
2025-08-19 09:58:10,796 INFO o.a.j.t.JMeterThread: Thread finished: Thread Group 1-76
2025-08-19 09:58:10,796 INFO o.a.j.t.JMeterThread: Thread finished: Thread Group 1-78
2025-08-19 09:58:10,807 INFO o.a.j.t.JMeterThread: Thread started: Thread Group 1-81
2025-08-19 09:58:10,807 INFO o.a.j.t.JMeterThread: Thread started: Thread Group 1-82
2025-08-19 09:58:10,807 INFO o.a.j.t.JMeterThread: Thread started: Thread Group 1-80
2025-08-19 09:58:10,810 INFO o.a.j.t.JMeterThread: Thread is done: Thread Group 1-82
2025-08-19 09:58:10,810 INFO o.a.j.t.JMeterThread: Thread is done: Thread Group 1-81
2025-08-19 09:58:10,811 INFO o.a.j.t.JMeterThread: Thread finished: Thread Group 1-82
2025-08-19 09:58:10,811 INFO o.a.j.t.JMeterThread: Thread finished: Thread Group 1-81
2025-08-19 09:58:10,810 INFO o.a.j.t.JMeterThread: Thread is done: Thread Group 1-80
2025-08-19 09:58:10,811 INFO o.a.j.t.JMeterThread: Thread finished: Thread Group 1-80
2025-08-19 09:58:10,822 INFO o.a.j.t.JMeterThread: Thread started: Thread Group 1-84
2025-08-19 09:58:10,822 INFO o.a.j.t.JMeterThread: Thread started: Thread Group 1-83
2025-08-19 09:58:10,822 INFO o.a.j.t.JMeterThread: Thread started: Thread Group 1-85
2025-08-19 09:58:10,825 INFO o.a.j.t.JMeterThread: Thread is done: Thread Group 1-85
2025-08-19 09:58:10,825 INFO o.a.j.t.JMeterThread: Thread is done: Thread Group 1-83
2025-08-19 09:58:10,825 INFO o.a.j.t.JMeterThread: Thread is done: Thread Group 1-84
2025-08-19 09:58:10,825 INFO o.a.j.t.JMeterThread: Thread finished: Thread Group 1-85
2025-08-19 09:58:10,825 INFO o.a.j.t.JMeterThread: Thread finished: Thread Group 1-83
2025-08-19 09:58:10,825 INFO o.a.j.t.JMeterThread: Thread finished: Thread Group 1-84
2025-08-19 09:58:10,837 INFO o.a.j.t.JMeterThread: Thread started: Thread Group 1-87
2025-08-19 09:58:10,837 INFO o.a.j.t.JMeterThread: Thread started: Thread Group 1-86
2025-08-19 09:58:10,841 INFO o.a.j.t.JMeterThread: Thread is done: Thread Group 1-86
2025-08-19 09:58:10,841 INFO o.a.j.t.JMeterThread: Thread is done: Thread Group 1-87
2025-08-19 09:58:10,841 INFO o.a.j.t.JMeterThread: Thread finished: Thread Group 1-86
2025-08-19 09:58:10,841 INFO o.a.j.t.JMeterThread: Thread finished: Thread Group 1-87
2025-08-19 09:58:10,853 INFO o.a.j.t.JMeterThread: Thread started: Thread Group 1-88
2025-08-19 09:58:10,853 INFO o.a.j.t.JMeterThread: Thread started: Thread Group 1-89
2025-08-19 09:58:10,853 INFO o.a.j.t.JMeterThread: Thread started: Thread Group 1-91
2025-08-19 09:58:10,853 INFO o.a.j.t.JMeterThread: Thread started: Thread Group 1-90
2025-08-19 09:58:10,856 INFO o.a.j.t.JMeterThread: Thread is done: Thread Group 1-89
2025-08-19 09:58:10,856 INFO o.a.j.t.JMeterThread: Thread is done: Thread Group 1-91
2025-08-19 09:58:10,856 INFO o.a.j.t.JMeterThread: Thread finished: Thread Group 1-89
2025-08-19 09:58:10,856 INFO o.a.j.t.JMeterThread: Thread finished: Thread Group 1-91
2025-08-19 09:58:10,856 INFO o.a.j.t.JMeterThread: Thread is done: Thread Group 1-90
2025-08-19 09:58:10,856 INFO o.a.j.t.JMeterThread: Thread is done: Thread Group 1-88
2025-08-19 09:58:10,856 INFO o.a.j.t.JMeterThread: Thread finished: Thread Group 1-90
2025-08-19 09:58:10,856 INFO o.a.j.t.JMeterThread: Thread finished: Thread Group 1-88
2025-08-19 09:58:10,868 INFO o.a.j.t.JMeterThread: Thread started: Thread Group 1-92
2025-08-19 09:58:10,868 INFO o.a.j.t.JMeterThread: Thread started: Thread Group 1-93
2025-08-19 09:58:10,868 INFO o.a.j.t.JMeterThread: Thread started: Thread Group 1-94
2025-08-19 09:58:10,871 INFO o.a.j.t.JMeterThread: Thread is done: Thread Group 1-94
2025-08-19 09:58:10,871 INFO o.a.j.t.JMeterThread: Thread is done: Thread Group 1-93
2025-08-19 09:58:10,871 INFO o.a.j.t.JMeterThread: Thread is done: Thread Group 1-92
2025-08-19 09:58:10,871 INFO o.a.j.t.JMeterThread: Thread finished: Thread Group 1-93
2025-08-19 09:58:10,871 INFO o.a.j.t.JMeterThread: Thread finished: Thread Group 1-94
2025-08-19 09:58:10,871 INFO o.a.j.t.JMeterThread: Thread finished: Thread Group 1-92
2025-08-19 09:58:10,883 INFO o.a.j.t.JMeterThread: Thread started: Thread Group 1-96
2025-08-19 09:58:10,883 INFO o.a.j.t.JMeterThread: Thread started: Thread Group 1-97
2025-08-19 09:58:10,883 INFO o.a.j.t.JMeterThread: Thread started: Thread Group 1-95
2025-08-19 09:58:10,886 INFO o.a.j.t.JMeterThread: Thread is done: Thread Group 1-96
2025-08-19 09:58:10,886 INFO o.a.j.t.JMeterThread: Thread finished: Thread Group 1-96
2025-08-19 09:58:10,886 INFO o.a.j.t.JMeterThread: Thread is done: Thread Group 1-95
2025-08-19 09:58:10,886 INFO o.a.j.t.JMeterThread: Thread is done: Thread Group 1-97
2025-08-19 09:58:10,886 INFO o.a.j.t.JMeterThread: Thread finished: Thread Group 1-95
2025-08-19 09:58:10,886 INFO o.a.j.t.JMeterThread: Thread finished: Thread Group 1-97
2025-08-19 09:58:10,898 INFO o.a.j.t.JMeterThread: Thread started: Thread Group 1-98
2025-08-19 09:58:10,898 INFO o.a.j.t.JMeterThread: Thread started: Thread Group 1-99
2025-08-19 09:58:10,898 INFO o.a.j.t.JMeterThread: Thread started: Thread Group 1-100
2025-08-19 09:58:10,901 INFO o.a.j.t.JMeterThread: Thread is done: Thread Group 1-99
2025-08-19 09:58:10,901 INFO o.a.j.t.JMeterThread: Thread is done: Thread Group 1-100
2025-08-19 09:58:10,901 INFO o.a.j.t.JMeterThread: Thread finished: Thread Group 1-99
2025-08-19 09:58:10,901 INFO o.a.j.t.JMeterThread: Thread is done: Thread Group 1-98
2025-08-19 09:58:10,901 INFO o.a.j.t.JMeterThread: Thread finished: Thread Group 1-98
2025-08-19 09:58:10,901 INFO o.a.j.t.JMeterThread: Thread finished: Thread Group 1-100
2025-08-19 09:58:10,914 INFO o.a.j.t.JMeterThread: Thread started: Thread Group 1-102
2025-08-19 09:58:10,914 INFO o.a.j.t.JMeterThread: Thread started: Thread Group 1-103
2025-08-19 09:58:10,914 INFO o.a.j.t.JMeterThread: Thread started: Thread Group 1-101
2025-08-19 09:58:10,917 INFO o.a.j.t.JMeterThread: Thread is done: Thread Group 1-103
2025-08-19 09:58:10,917 INFO o.a.j.t.JMeterThread: Thread is done: Thread Group 1-101
2025-08-19 09:58:10,917 INFO o.a.j.t.JMeterThread: Thread is done: Thread Group 1-102
2025-08-19 09:58:10,917 INFO o.a.j.t.JMeterThread: Thread finished: Thread Group 1-103
2025-08-19 09:58:10,917 INFO o.a.j.t.JMeterThread: Thread finished: Thread Group 1-102
2025-08-19 09:58:10,917 INFO o.a.j.t.JMeterThread: Thread finished: Thread Group 1-101
2025-08-19 09:58:10,929 INFO o.a.j.t.JMeterThread: Thread started: Thread Group 1-106
2025-08-19 09:58:10,929 INFO o.a.j.t.JMeterThread: Thread started: Thread Group 1-105
2025-08-19 09:58:10,929 INFO o.a.j.t.JMeterThread: Thread started: Thread Group 1-104
2025-08-19 09:58:10,932 INFO o.a.j.t.JMeterThread: Thread is done: Thread Group 1-104
2025-08-19 09:58:10,932 INFO o.a.j.t.JMeterThread: Thread is done: Thread Group 1-106
2025-08-19 09:58:10,932 INFO o.a.j.t.JMeterThread: Thread is done: Thread Group 1-105
2025-08-19 09:58:10,932 INFO o.a.j.t.JMeterThread: Thread finished: Thread Group 1-104
2025-08-19 09:58:10,932 INFO o.a.j.t.JMeterThread: Thread finished: Thread Group 1-105
2025-08-19 09:58:10,932 INFO o.a.j.t.JMeterThread: Thread finished: Thread Group 1-106
2025-08-19 09:58:10,944 INFO o.a.j.t.JMeterThread: Thread started: Thread Group 1-108
2025-08-19 09:58:10,944 INFO o.a.j.t.JMeterThread: Thread started: Thread Group 1-107
2025-08-19 09:58:10,944 INFO o.a.j.t.JMeterThread: Thread started: Thread Group 1-109
2025-08-19 09:58:10,948 INFO o.a.j.t.JMeterThread: Thread is done: Thread Group 1-108
2025-08-19 09:58:10,948 INFO o.a.j.t.JMeterThread: Thread is done: Thread Group 1-107
2025-08-19 09:58:10,948 INFO o.a.j.t.JMeterThread: Thread is done: Thread Group 1-109
2025-08-19 09:58:10,948 INFO o.a.j.t.JMeterThread: Thread finished: Thread Group 1-108
2025-08-19 09:58:10,948 INFO o.a.j.t.JMeterThread: Thread finished: Thread Group 1-107
2025-08-19 09:58:10,948 INFO o.a.j.t.JMeterThread: Thread finished: Thread Group 1-109
2025-08-19 09:58:10,960 INFO o.a.j.t.JMeterThread: Thread started: Thread Group 1-111
2025-08-19 09:58:10,960 INFO o.a.j.t.JMeterThread: Thread started: Thread Group 1-112
2025-08-19 09:58:10,960 INFO o.a.j.t.JMeterThread: Thread started: Thread Group 1-110
2025-08-19 09:58:10,963 INFO o.a.j.t.JMeterThread: Thread is done: Thread Group 1-112
2025-08-19 09:58:10,963 INFO o.a.j.t.JMeterThread: Thread is done: Thread Group 1-110
2025-08-19 09:58:10,963 INFO o.a.j.t.JMeterThread: Thread finished: Thread Group 1-112
2025-08-19 09:58:10,963 INFO o.a.j.t.JMeterThread: Thread finished: Thread Group 1-110
2025-08-19 09:58:10,963 INFO o.a.j.t.JMeterThread: Thread is done: Thread Group 1-111
2025-08-19 09:58:10,963 INFO o.a.j.t.JMeterThread: Thread finished: Thread Group 1-111
2025-08-19 09:58:10,976 INFO o.a.j.t.JMeterThread: Thread started: Thread Group 1-113
2025-08-19 09:58:10,976 INFO o.a.j.t.JMeterThread: Thread started: Thread Group 1-115
2025-08-19 09:58:10,976 INFO o.a.j.t.JMeterThread: Thread started: Thread Group 1-114
2025-08-19 09:58:10,979 INFO o.a.j.t.JMeterThread: Thread is done: Thread Group 1-113
2025-08-19 09:58:10,979 INFO o.a.j.t.JMeterThread: Thread is done: Thread Group 1-114
2025-08-19 09:58:10,979 INFO o.a.j.t.JMeterThread: Thread finished: Thread Group 1-113
2025-08-19 09:58:10,979 INFO o.a.j.t.JMeterThread: Thread is done: Thread Group 1-115
2025-08-19 09:58:10,979 INFO o.a.j.t.JMeterThread: Thread finished: Thread Group 1-114
2025-08-19 09:58:10,979 INFO o.a.j.t.JMeterThread: Thread finished: Thread Group 1-115
2025-08-19 09:58:10,991 INFO o.a.j.t.JMeterThread: Thread started: Thread Group 1-117
2025-08-19 09:58:10,991 INFO o.a.j.t.JMeterThread: Thread started: Thread Group 1-118
2025-08-19 09:58:10,991 INFO o.a.j.t.JMeterThread: Thread started: Thread Group 1-116
2025-08-19 09:58:10,995 INFO o.a.j.t.JMeterThread: Thread is done: Thread Group 1-117
2025-08-19 09:58:10,995 INFO o.a.j.t.JMeterThread: Thread finished: Thread Group 1-117
2025-08-19 09:58:10,995 INFO o.a.j.t.JMeterThread: Thread is done: Thread Group 1-116
2025-08-19 09:58:10,995 INFO o.a.j.t.JMeterThread: Thread is done: Thread Group 1-118
2025-08-19 09:58:10,995 INFO o.a.j.t.JMeterThread: Thread finished: Thread Group 1-116
2025-08-19 09:58:10,995 INFO o.a.j.t.JMeterThread: Thread finished: Thread Group 1-118
2025-08-19 09:58:11,007 INFO o.a.j.t.JMeterThread: Thread started: Thread Group 1-120
2025-08-19 09:58:11,007 INFO o.a.j.t.JMeterThread: Thread started: Thread Group 1-119
2025-08-19 09:58:11,010 INFO o.a.j.t.JMeterThread: Thread is done: Thread Group 1-119
2025-08-19 09:58:11,010 INFO o.a.j.t.JMeterThread: Thread is done: Thread Group 1-120
2025-08-19 09:58:11,010 INFO o.a.j.t.JMeterThread: Thread finished: Thread Group 1-119
2025-08-19 09:58:11,010 INFO o.a.j.t.JMeterThread: Thread finished: Thread Group 1-120
2025-08-19 09:58:11,022 INFO o.a.j.t.JMeterThread: Thread started: Thread Group 1-122
2025-08-19 09:58:11,022 INFO o.a.j.t.JMeterThread: Thread started: Thread Group 1-124
2025-08-19 09:58:11,022 INFO o.a.j.t.JMeterThread: Thread started: Thread Group 1-121
2025-08-19 09:58:11,022 INFO o.a.j.t.JMeterThread: Thread started: Thread Group 1-123
2025-08-19 09:58:11,028 INFO o.a.j.t.JMeterThread: Thread is done: Thread Group 1-124
2025-08-19 09:58:11,028 INFO o.a.j.t.JMeterThread: Thread is done: Thread Group 1-123
2025-08-19 09:58:11,028 INFO o.a.j.t.JMeterThread: Thread is done: Thread Group 1-122
2025-08-19 09:58:11,028 INFO o.a.j.t.JMeterThread: Thread is done: Thread Group 1-121
2025-08-19 09:58:11,028 INFO o.a.j.t.JMeterThread: Thread finished: Thread Group 1-122
2025-08-19 09:58:11,028 INFO o.a.j.t.JMeterThread: Thread finished: Thread Group 1-124
2025-08-19 09:58:11,028 INFO o.a.j.t.JMeterThread: Thread finished: Thread Group 1-123
2025-08-19 09:58:11,028 INFO o.a.j.t.JMeterThread: Thread finished: Thread Group 1-121
2025-08-19 09:58:11,038 INFO o.a.j.t.JMeterThread: Thread started: Thread Group 1-125
2025-08-19 09:58:11,038 INFO o.a.j.t.JMeterThread: Thread started: Thread Group 1-127
2025-08-19 09:58:11,038 INFO o.a.j.t.JMeterThread: Thread started: Thread Group 1-128
2025-08-19 09:58:11,038 INFO o.a.j.t.JMeterThread: Thread started: Thread Group 1-126
2025-08-19 09:58:11,041 INFO o.a.j.t.JMeterThread: Thread is done: Thread Group 1-127
2025-08-19 09:58:11,041 INFO o.a.j.t.JMeterThread: Thread is done: Thread Group 1-126
2025-08-19 09:58:11,041 INFO o.a.j.t.JMeterThread: Thread is done: Thread Group 1-128
2025-08-19 09:58:11,041 INFO o.a.j.t.JMeterThread: Thread is done: Thread Group 1-125
2025-08-19 09:58:11,041 INFO o.a.j.t.JMeterThread: Thread finished: Thread Group 1-126
2025-08-19 09:58:11,041 INFO o.a.j.t.JMeterThread: Thread finished: Thread Group 1-127
2025-08-19 09:58:11,041 INFO o.a.j.t.JMeterThread: Thread finished: Thread Group 1-125
2025-08-19 09:58:11,041 INFO o.a.j.t.JMeterThread: Thread finished: Thread Group 1-128
2025-08-19 09:58:11,053 INFO o.a.j.t.JMeterThread: Thread started: Thread Group 1-130
2025-08-19 09:58:11,053 INFO o.a.j.t.JMeterThread: Thread started: Thread Group 1-129
2025-08-19 09:58:11,053 INFO o.a.j.t.JMeterThread: Thread started: Thread Group 1-131
2025-08-19 09:58:11,057 INFO o.a.j.t.JMeterThread: Thread is done: Thread Group 1-130
2025-08-19 09:58:11,057 INFO o.a.j.t.JMeterThread: Thread is done: Thread Group 1-129
2025-08-19 09:58:11,057 INFO o.a.j.t.JMeterThread: Thread finished: Thread Group 1-130
2025-08-19 09:58:11,057 INFO o.a.j.t.JMeterThread: Thread finished: Thread Group 1-129
2025-08-19 09:58:11,057 INFO o.a.j.t.JMeterThread: Thread is done: Thread Group 1-131
2025-08-19 09:58:11,057 INFO o.a.j.t.JMeterThread: Thread finished: Thread Group 1-131
2025-08-19 09:58:11,069 INFO o.a.j.t.JMeterThread: Thread started: Thread Group 1-132
2025-08-19 09:58:11,069 INFO o.a.j.t.JMeterThread: Thread started: Thread Group 1-134
2025-08-19 09:58:11,069 INFO o.a.j.t.JMeterThread: Thread started: Thread Group 1-133
2025-08-19 09:58:11,072 INFO o.a.j.t.JMeterThread: Thread is done: Thread Group 1-132
2025-08-19 09:58:11,072 INFO o.a.j.t.JMeterThread: Thread is done: Thread Group 1-134
2025-08-19 09:58:11,072 INFO o.a.j.t.JMeterThread: Thread is done: Thread Group 1-133
2025-08-19 09:58:11,072 INFO o.a.j.t.JMeterThread: Thread finished: Thread Group 1-132
2025-08-19 09:58:11,072 INFO o.a.j.t.JMeterThread: Thread finished: Thread Group 1-134
2025-08-19 09:58:11,072 INFO o.a.j.t.JMeterThread: Thread finished: Thread Group 1-133
2025-08-19 09:58:11,085 INFO o.a.j.t.JMeterThread: Thread started: Thread Group 1-136
2025-08-19 09:58:11,085 INFO o.a.j.t.JMeterThread: Thread started: Thread Group 1-135
2025-08-19 09:58:11,085 INFO o.a.j.t.JMeterThread: Thread started: Thread Group 1-138
2025-08-19 09:58:11,085 INFO o.a.j.t.JMeterThread: Thread started: Thread Group 1-137
2025-08-19 09:58:11,089 INFO o.a.j.t.JMeterThread: Thread is done: Thread Group 1-135
2025-08-19 09:58:11,089 INFO o.a.j.t.JMeterThread: Thread is done: Thread Group 1-137
2025-08-19 09:58:11,089 INFO o.a.j.t.JMeterThread: Thread is done: Thread Group 1-138
2025-08-19 09:58:11,089 INFO o.a.j.t.JMeterThread: Thread is done: Thread Group 1-136
2025-08-19 09:58:11,089 INFO o.a.j.t.JMeterThread: Thread finished: Thread Group 1-135
2025-08-19 09:58:11,089 INFO o.a.j.t.JMeterThread: Thread finished: Thread Group 1-138
2025-08-19 09:58:11,089 INFO o.a.j.t.JMeterThread: Thread finished: Thread Group 1-137
2025-08-19 09:58:11,089 INFO o.a.j.t.JMeterThread: Thread finished: Thread Group 1-136
2025-08-19 09:58:11,101 INFO o.a.j.t.JMeterThread: Thread started: Thread Group 1-139
2025-08-19 09:58:11,101 INFO o.a.j.t.JMeterThread: Thread started: Thread Group 1-140
2025-08-19 09:58:11,104 INFO o.a.j.t.JMeterThread: Thread is done: Thread Group 1-140
2025-08-19 09:58:11,104 INFO o.a.j.t.JMeterThread: Thread is done: Thread Group 1-139
2025-08-19 09:58:11,104 INFO o.a.j.t.JMeterThread: Thread finished: Thread Group 1-140
2025-08-19 09:58:11,104 INFO o.a.j.t.JMeterThread: Thread finished: Thread Group 1-139
2025-08-19 09:58:11,117 INFO o.a.j.t.JMeterThread: Thread started: Thread Group 1-141
2025-08-19 09:58:11,117 INFO o.a.j.t.JMeterThread: Thread started: Thread Group 1-142
2025-08-19 09:58:11,117 INFO o.a.j.t.JMeterThread: Thread started: Thread Group 1-143
2025-08-19 09:58:11,117 INFO o.a.j.t.JMeterThread: Thread started: Thread Group 1-144
2025-08-19 09:58:11,120 INFO o.a.j.t.JMeterThread: Thread is done: Thread Group 1-141
2025-08-19 09:58:11,120 INFO o.a.j.t.JMeterThread: Thread is done: Thread Group 1-142
2025-08-19 09:58:11,120 INFO o.a.j.t.JMeterThread: Thread is done: Thread Group 1-144
2025-08-19 09:58:11,120 INFO o.a.j.t.JMeterThread: Thread finished: Thread Group 1-141
2025-08-19 09:58:11,120 INFO o.a.j.t.JMeterThread: Thread finished: Thread Group 1-144
2025-08-19 09:58:11,120 INFO o.a.j.t.JMeterThread: Thread is done: Thread Group 1-143
2025-08-19 09:58:11,120 INFO o.a.j.t.JMeterThread: Thread finished: Thread Group 1-142
2025-08-19 09:58:11,120 INFO o.a.j.t.JMeterThread: Thread finished: Thread Group 1-143
2025-08-19 09:58:11,132 INFO o.a.j.t.JMeterThread: Thread started: Thread Group 1-145
2025-08-19 09:58:11,132 INFO o.a.j.t.JMeterThread: Thread started: Thread Group 1-146
2025-08-19 09:58:11,135 INFO o.a.j.t.JMeterThread: Thread is done: Thread Group 1-146
2025-08-19 09:58:11,135 INFO o.a.j.t.JMeterThread: Thread finished: Thread Group 1-146
2025-08-19 09:58:11,135 INFO o.a.j.t.JMeterThread: Thread is done: Thread Group 1-145
2025-08-19 09:58:11,135 INFO o.a.j.t.JMeterThread: Thread finished: Thread Group 1-145
2025-08-19 09:58:11,147 INFO o.a.j.t.JMeterThread: Thread started: Thread Group 1-148
2025-08-19 09:58:11,147 INFO o.a.j.t.JMeterThread: Thread started: Thread Group 1-149
2025-08-19 09:58:11,147 INFO o.a.j.t.JMeterThread: Thread started: Thread Group 1-147
2025-08-19 09:58:11,150 INFO o.a.j.t.JMeterThread: Thread is done: Thread Group 1-147
2025-08-19 09:58:11,150 INFO o.a.j.t.JMeterThread: Thread finished: Thread Group 1-147
2025-08-19 09:58:11,150 INFO o.a.j.t.JMeterThread: Thread is done: Thread Group 1-149
2025-08-19 09:58:11,150 INFO o.a.j.t.JMeterThread: Thread is done: Thread Group 1-148
2025-08-19 09:58:11,150 INFO o.a.j.t.JMeterThread: Thread finished: Thread Group 1-149
2025-08-19 09:58:11,150 INFO o.a.j.t.JMeterThread: Thread finished: Thread Group 1-148
2025-08-19 09:58:11,163 INFO o.a.j.t.JMeterThread: Thread started: Thread Group 1-151
2025-08-19 09:58:11,163 INFO o.a.j.t.JMeterThread: Thread started: Thread Group 1-153
2025-08-19 09:58:11,163 INFO o.a.j.t.JMeterThread: Thread started: Thread Group 1-152
2025-08-19 09:58:11,163 INFO o.a.j.t.JMeterThread: Thread started: Thread Group 1-150
2025-08-19 09:58:11,166 INFO o.a.j.t.JMeterThread: Thread is done: Thread Group 1-152
2025-08-19 09:58:11,166 INFO o.a.j.t.JMeterThread: Thread finished: Thread Group 1-152
2025-08-19 09:58:11,166 INFO o.a.j.t.JMeterThread: Thread is done: Thread Group 1-151
2025-08-19 09:58:11,166 INFO o.a.j.t.JMeterThread: Thread is done: Thread Group 1-153
2025-08-19 09:58:11,166 INFO o.a.j.t.JMeterThread: Thread is done: Thread Group 1-150
2025-08-19 09:58:11,166 INFO o.a.j.t.JMeterThread: Thread finished: Thread Group 1-151
2025-08-19 09:58:11,166 INFO o.a.j.t.JMeterThread: Thread finished: Thread Group 1-153
2025-08-19 09:58:11,166 INFO o.a.j.t.JMeterThread: Thread finished: Thread Group 1-150
2025-08-19 09:58:11,179 INFO o.a.j.t.JMeterThread: Thread started: Thread Group 1-154
2025-08-19 09:58:11,179 INFO o.a.j.t.JMeterThread: Thread started: Thread Group 1-155
2025-08-19 09:58:11,182 INFO o.a.j.t.JMeterThread: Thread is done: Thread Group 1-154
2025-08-19 09:58:11,182 INFO o.a.j.t.JMeterThread: Thread is done: Thread Group 1-155
2025-08-19 09:58:11,182 INFO o.a.j.t.JMeterThread: Thread finished: Thread Group 1-154
2025-08-19 09:58:11,182 INFO o.a.j.t.JMeterThread: Thread finished: Thread Group 1-155
2025-08-19 09:58:11,195 INFO o.a.j.t.JMeterThread: Thread started: Thread Group 1-157
2025-08-19 09:58:11,195 INFO o.a.j.t.JMeterThread: Thread started: Thread Group 1-159
2025-08-19 09:58:11,195 INFO o.a.j.t.JMeterThread: Thread started: Thread Group 1-156
2025-08-19 09:58:11,195 INFO o.a.j.t.JMeterThread: Thread started: Thread Group 1-158
2025-08-19 09:58:11,198 INFO o.a.j.t.JMeterThread: Thread is done: Thread Group 1-159
2025-08-19 09:58:11,198 INFO o.a.j.t.JMeterThread: Thread is done: Thread Group 1-158
2025-08-19 09:58:11,198 INFO o.a.j.t.JMeterThread: Thread finished: Thread Group 1-158
2025-08-19 09:58:11,198 INFO o.a.j.t.JMeterThread: Thread finished: Thread Group 1-159
2025-08-19 09:58:11,198 INFO o.a.j.t.JMeterThread: Thread is done: Thread Group 1-156
2025-08-19 09:58:11,198 INFO o.a.j.t.JMeterThread: Thread is done: Thread Group 1-157
2025-08-19 09:58:11,198 INFO o.a.j.t.JMeterThread: Thread finished: Thread Group 1-156
2025-08-19 09:58:11,198 INFO o.a.j.t.JMeterThread: Thread finished: Thread Group 1-157
2025-08-19 09:58:11,210 INFO o.a.j.t.JMeterThread: Thread started: Thread Group 1-161
2025-08-19 09:58:11,210 INFO o.a.j.t.JMeterThread: Thread started: Thread Group 1-160
2025-08-19 09:58:11,210 INFO o.a.j.t.JMeterThread: Thread started: Thread Group 1-162
2025-08-19 09:58:11,213 INFO o.a.j.t.JMeterThread: Thread is done: Thread Group 1-161
2025-08-19 09:58:11,213 INFO o.a.j.t.JMeterThread: Thread finished: Thread Group 1-161
2025-08-19 09:58:11,213 INFO o.a.j.t.JMeterThread: Thread is done: Thread Group 1-160
2025-08-19 09:58:11,213 INFO o.a.j.t.JMeterThread: Thread finished: Thread Group 1-160
2025-08-19 09:58:11,213 INFO o.a.j.t.JMeterThread: Thread is done: Thread Group 1-162
2025-08-19 09:58:11,213 INFO o.a.j.t.JMeterThread: Thread finished: Thread Group 1-162
2025-08-19 09:58:11,226 INFO o.a.j.t.JMeterThread: Thread started: Thread Group 1-163
2025-08-19 09:58:11,226 INFO o.a.j.t.JMeterThread: Thread started: Thread Group 1-164
2025-08-19 09:58:11,226 INFO o.a.j.t.JMeterThread: Thread started: Thread Group 1-165
2025-08-19 09:58:11,228 INFO o.a.j.t.JMeterThread: Thread is done: Thread Group 1-165
2025-08-19 09:58:11,228 INFO o.a.j.t.JMeterThread: Thread is done: Thread Group 1-164
2025-08-19 09:58:11,228 INFO o.a.j.t.JMeterThread: Thread is done: Thread Group 1-163
2025-08-19 09:58:11,228 INFO o.a.j.t.JMeterThread: Thread finished: Thread Group 1-163
2025-08-19 09:58:11,228 INFO o.a.j.t.JMeterThread: Thread finished: Thread Group 1-164
2025-08-19 09:58:11,228 INFO o.a.j.t.JMeterThread: Thread finished: Thread Group 1-165
2025-08-19 09:58:11,241 INFO o.a.j.t.JMeterThread: Thread started: Thread Group 1-167
2025-08-19 09:58:11,241 INFO o.a.j.t.JMeterThread: Thread started: Thread Group 1-169
2025-08-19 09:58:11,241 INFO o.a.j.t.JMeterThread: Thread started: Thread Group 1-168
2025-08-19 09:58:11,241 INFO o.a.j.t.JMeterThread: Thread started: Thread Group 1-166
2025-08-19 09:58:11,245 INFO o.a.j.t.JMeterThread: Thread is done: Thread Group 1-167
2025-08-19 09:58:11,245 INFO o.a.j.t.JMeterThread: Thread finished: Thread Group 1-167
2025-08-19 09:58:11,245 INFO o.a.j.t.JMeterThread: Thread is done: Thread Group 1-166
2025-08-19 09:58:11,245 INFO o.a.j.t.JMeterThread: Thread is done: Thread Group 1-168
2025-08-19 09:58:11,245 INFO o.a.j.t.JMeterThread: Thread finished: Thread Group 1-168
2025-08-19 09:58:11,245 INFO o.a.j.t.JMeterThread: Thread is done: Thread Group 1-169
2025-08-19 09:58:11,245 INFO o.a.j.t.JMeterThread: Thread finished: Thread Group 1-166
2025-08-19 09:58:11,245 INFO o.a.j.t.JMeterThread: Thread finished: Thread Group 1-169
2025-08-19 09:58:11,257 INFO o.a.j.t.JMeterThread: Thread started: Thread Group 1-170
2025-08-19 09:58:11,257 INFO o.a.j.t.JMeterThread: Thread started: Thread Group 1-171
2025-08-19 09:58:11,257 INFO o.a.j.t.JMeterThread: Thread started: Thread Group 1-172
2025-08-19 09:58:11,260 INFO o.a.j.t.JMeterThread: Thread is done: Thread Group 1-172
2025-08-19 09:58:11,260 INFO o.a.j.t.JMeterThread: Thread is done: Thread Group 1-171
2025-08-19 09:58:11,260 INFO o.a.j.t.JMeterThread: Thread is done: Thread Group 1-170
2025-08-19 09:58:11,260 INFO o.a.j.t.JMeterThread: Thread finished: Thread Group 1-171
2025-08-19 09:58:11,260 INFO o.a.j.t.JMeterThread: Thread finished: Thread Group 1-170
2025-08-19 09:58:11,260 INFO o.a.j.t.JMeterThread: Thread finished: Thread Group 1-172
2025-08-19 09:58:11,272 INFO o.a.j.t.JMeterThread: Thread started: Thread Group 1-174
2025-08-19 09:58:11,272 INFO o.a.j.t.JMeterThread: Thread started: Thread Group 1-173
2025-08-19 09:58:11,275 INFO o.a.j.t.JMeterThread: Thread is done: Thread Group 1-173
2025-08-19 09:58:11,275 INFO o.a.j.t.JMeterThread: Thread finished: Thread Group 1-173
2025-08-19 09:58:11,275 INFO o.a.j.t.JMeterThread: Thread is done: Thread Group 1-174
2025-08-19 09:58:11,275 INFO o.a.j.t.JMeterThread: Thread finished: Thread Group 1-174
2025-08-19 09:58:11,288 INFO o.a.j.t.JMeterThread: Thread started: Thread Group 1-177
2025-08-19 09:58:11,288 INFO o.a.j.t.JMeterThread: Thread started: Thread Group 1-175
2025-08-19 09:58:11,289 INFO o.a.j.t.JMeterThread: Thread started: Thread Group 1-176
2025-08-19 09:58:11,291 INFO o.a.j.t.JMeterThread: Thread is done: Thread Group 1-177
2025-08-19 09:58:11,291 INFO o.a.j.t.JMeterThread: Thread is done: Thread Group 1-175
2025-08-19 09:58:11,291 INFO o.a.j.t.JMeterThread: Thread finished: Thread Group 1-177
2025-08-19 09:58:11,291 INFO o.a.j.t.JMeterThread: Thread finished: Thread Group 1-175
2025-08-19 09:58:11,291 INFO o.a.j.t.JMeterThread: Thread is done: Thread Group 1-176
2025-08-19 09:58:11,291 INFO o.a.j.t.JMeterThread: Thread finished: Thread Group 1-176
2025-08-19 09:58:11,303 INFO o.a.j.t.JMeterThread: Thread started: Thread Group 1-181
2025-08-19 09:58:11,303 INFO o.a.j.t.JMeterThread: Thread started: Thread Group 1-180
2025-08-19 09:58:11,303 INFO o.a.j.t.JMeterThread: Thread started: Thread Group 1-178
2025-08-19 09:58:11,303 INFO o.a.j.t.JMeterThread: Thread started: Thread Group 1-179
2025-08-19 09:58:11,307 INFO o.a.j.t.JMeterThread: Thread is done: Thread Group 1-178
2025-08-19 09:58:11,307 INFO o.a.j.t.JMeterThread: Thread finished: Thread Group 1-178
2025-08-19 09:58:11,307 INFO o.a.j.t.JMeterThread: Thread is done: Thread Group 1-181
2025-08-19 09:58:11,307 INFO o.a.j.t.JMeterThread: Thread finished: Thread Group 1-181
2025-08-19 09:58:11,307 INFO o.a.j.t.JMeterThread: Thread is done: Thread Group 1-180
2025-08-19 09:58:11,307 INFO o.a.j.t.JMeterThread: Thread finished: Thread Group 1-180
2025-08-19 09:58:11,307 INFO o.a.j.t.JMeterThread: Thread is done: Thread Group 1-179
2025-08-19 09:58:11,307 INFO o.a.j.t.JMeterThread: Thread finished: Thread Group 1-179
2025-08-19 09:58:11,319 INFO o.a.j.t.JMeterThread: Thread started: Thread Group 1-182
2025-08-19 09:58:11,319 INFO o.a.j.t.JMeterThread: Thread started: Thread Group 1-183
2025-08-19 09:58:11,322 INFO o.a.j.t.JMeterThread: Thread is done: Thread Group 1-182
2025-08-19 09:58:11,322 INFO o.a.j.t.JMeterThread: Thread is done: Thread Group 1-183
2025-08-19 09:58:11,322 INFO o.a.j.t.JMeterThread: Thread finished: Thread Group 1-182
2025-08-19 09:58:11,322 INFO o.a.j.t.JMeterThread: Thread finished: Thread Group 1-183
2025-08-19 09:58:11,335 INFO o.a.j.t.JMeterThread: Thread started: Thread Group 1-186
2025-08-19 09:58:11,335 INFO o.a.j.t.JMeterThread: Thread started: Thread Group 1-185
2025-08-19 09:58:11,335 INFO o.a.j.t.JMeterThread: Thread started: Thread Group 1-184
2025-08-19 09:58:11,339 INFO o.a.j.t.JMeterThread: Thread is done: Thread Group 1-186
2025-08-19 09:58:11,339 INFO o.a.j.t.JMeterThread: Thread is done: Thread Group 1-184
2025-08-19 09:58:11,339 INFO o.a.j.t.JMeterThread: Thread is done: Thread Group 1-185
2025-08-19 09:58:11,339 INFO o.a.j.t.JMeterThread: Thread finished: Thread Group 1-186
2025-08-19 09:58:11,339 INFO o.a.j.t.JMeterThread: Thread finished: Thread Group 1-185
2025-08-19 09:58:11,339 INFO o.a.j.t.JMeterThread: Thread finished: Thread Group 1-184
2025-08-19 09:58:11,351 INFO o.a.j.t.JMeterThread: Thread started: Thread Group 1-188
2025-08-19 09:58:11,351 INFO o.a.j.t.JMeterThread: Thread started: Thread Group 1-187
2025-08-19 09:58:11,351 INFO o.a.j.t.JMeterThread: Thread started: Thread Group 1-189
2025-08-19 09:58:11,354 INFO o.a.j.t.JMeterThread: Thread is done: Thread Group 1-188
2025-08-19 09:58:11,354 INFO o.a.j.t.JMeterThread: Thread is done: Thread Group 1-189
2025-08-19 09:58:11,354 INFO o.a.j.t.JMeterThread: Thread is done: Thread Group 1-187
2025-08-19 09:58:11,354 INFO o.a.j.t.JMeterThread: Thread finished: Thread Group 1-188
2025-08-19 09:58:11,354 INFO o.a.j.t.JMeterThread: Thread finished: Thread Group 1-189
2025-08-19 09:58:11,354 INFO o.a.j.t.JMeterThread: Thread finished: Thread Group 1-187
2025-08-19 09:58:11,366 INFO o.a.j.t.JMeterThread: Thread started: Thread Group 1-190
2025-08-19 09:58:11,366 INFO o.a.j.t.JMeterThread: Thread started: Thread Group 1-191
2025-08-19 09:58:11,366 INFO o.a.j.t.JMeterThread: Thread started: Thread Group 1-192
2025-08-19 09:58:11,370 INFO o.a.j.t.JMeterThread: Thread is done: Thread Group 1-190
2025-08-19 09:58:11,370 INFO o.a.j.t.JMeterThread: Thread is done: Thread Group 1-191
2025-08-19 09:58:11,370 INFO o.a.j.t.JMeterThread: Thread is done: Thread Group 1-192
2025-08-19 09:58:11,370 INFO o.a.j.t.JMeterThread: Thread finished: Thread Group 1-190
2025-08-19 09:58:11,370 INFO o.a.j.t.JMeterThread: Thread finished: Thread Group 1-191
2025-08-19 09:58:11,370 INFO o.a.j.t.JMeterThread: Thread finished: Thread Group 1-192
2025-08-19 09:58:11,382 INFO o.a.j.t.JMeterThread: Thread started: Thread Group 1-194
2025-08-19 09:58:11,382 INFO o.a.j.t.JMeterThread: Thread started: Thread Group 1-195
2025-08-19 09:58:11,382 INFO o.a.j.t.JMeterThread: Thread started: Thread Group 1-196
2025-08-19 09:58:11,382 INFO o.a.j.t.JMeterThread: Thread started: Thread Group 1-193
2025-08-19 09:58:11,384 INFO o.a.j.t.JMeterThread: Thread is done: Thread Group 1-195
2025-08-19 09:58:11,384 INFO o.a.j.t.JMeterThread: Thread is done: Thread Group 1-193
2025-08-19 09:58:11,384 INFO o.a.j.t.JMeterThread: Thread is done: Thread Group 1-196
2025-08-19 09:58:11,384 INFO o.a.j.t.JMeterThread: Thread is done: Thread Group 1-194
2025-08-19 09:58:11,384 INFO o.a.j.t.JMeterThread: Thread finished: Thread Group 1-195
2025-08-19 09:58:11,385 INFO o.a.j.t.JMeterThread: Thread finished: Thread Group 1-194
2025-08-19 09:58:11,385 INFO o.a.j.t.JMeterThread: Thread finished: Thread Group 1-196
2025-08-19 09:58:11,385 INFO o.a.j.t.JMeterThread: Thread finished: Thread Group 1-193
2025-08-19 09:58:11,398 INFO o.a.j.t.JMeterThread: Thread started: Thread Group 1-199
2025-08-19 09:58:11,398 INFO o.a.j.t.JMeterThread: Thread started: Thread Group 1-198
2025-08-19 09:58:11,398 INFO o.a.j.t.JMeterThread: Thread started: Thread Group 1-197
2025-08-19 09:58:11,402 INFO o.a.j.t.JMeterThread: Thread is done: Thread Group 1-199
2025-08-19 09:58:11,402 INFO o.a.j.t.JMeterThread: Thread is done: Thread Group 1-197
2025-08-19 09:58:11,402 INFO o.a.j.t.JMeterThread: Thread finished: Thread Group 1-199
2025-08-19 09:58:11,402 INFO o.a.j.t.JMeterThread: Thread is done: Thread Group 1-198
2025-08-19 09:58:11,402 INFO o.a.j.t.JMeterThread: Thread finished: Thread Group 1-197
2025-08-19 09:58:11,402 INFO o.a.j.t.JMeterThread: Thread finished: Thread Group 1-198
2025-08-19 09:58:11,414 INFO o.a.j.t.JMeterThread: Thread started: Thread Group 1-200
2025-08-19 09:58:11,418 INFO o.a.j.t.JMeterThread: Thread is done: Thread Group 1-200
2025-08-19 09:58:11,418 INFO o.a.j.t.JMeterThread: Thread finished: Thread Group 1-200
2025-08-19 09:58:11,418 INFO o.a.j.e.StandardJMeterEngine: Notifying test listeners of end of test
2025-08-19 09:58:11,418 INFO o.a.j.g.u.JMeterMenuBar: setRunning(false, *local*)
